date,feature_index,avg(band_0)
2015-07-30T00:00:00.000Z,0,
2015-08-06T00:00:00.000Z,0,
2015-08-09T00:00:00.000Z,0,
2015-08-16T00:00:00.000Z,0,0.7386441578467687
2015-08-19T00:00:00.000Z,0,0.735349511106809
2015-08-26T00:00:00.000Z,0,0.7343452175458273
2015-08-29T00:00:00.000Z,0,0.7323613961537679
2015-09-08T00:00:00.000Z,0,0.7301851312319437
2015-09-15T00:00:00.000Z,0,0.7227646807829539
2015-09-18T00:00:00.000Z,0,0.7549955447514852
2015-09-28T00:00:00.000Z,0,0.7357544054587682
2015-11-14T00:00:00.000Z,0,0.6849757432937622
2015-11-17T00:00:00.000Z,0,0.6209460298220316
2015-11-24T00:00:00.000Z,0,0.6211274961630503
2015-11-27T00:00:00.000Z,0,0.6078050980965296
2015-12-04T00:00:00.000Z,0,0.5974575579166412
2015-12-07T00:00:00.000Z,0,0.5854456822077433
2015-12-17T00:00:00.000Z,0,0.5756621857484182
2015-12-24T00:00:00.000Z,0,0.567168856660525
2015-12-27T00:00:00.000Z,0,0.5638875265916189
2016-01-03T00:00:00.000Z,0,0.5444633712371191
2016-01-06T00:00:00.000Z,0,0.5244036217530569
2016-01-13T00:00:00.000Z,0,0.5154804165164629
2016-01-16T00:00:00.000Z,0,0.5256739854812622
2016-01-23T00:00:00.000Z,0,0.5304314146439234
2016-01-26T00:00:00.000Z,0,0.5368491560220718
2016-02-02T00:00:00.000Z,0,0.5416065802176794
2016-02-05T00:00:00.000Z,0,0.5480243215958277
2016-02-12T00:00:00.000Z,0,0.5518238743146261
2016-02-15T00:00:00.000Z,0,0.5620731065670649
2016-03-03T00:00:00.000Z,0,0.5722584674755732
2016-03-06T00:00:00.000Z,0,0.5818371772766113
2016-03-13T00:00:00.000Z,0,0.588701918721199
2016-03-23T00:00:00.000Z,0,0.5952307283878326
2016-03-26T00:00:00.000Z,0,0.6087459822495779
2016-04-02T00:00:00.000Z,0,0.624527836839358
2016-04-05T00:00:00.000Z,0,0.6486729830503464
2016-04-12T00:00:00.000Z,0,0.6660084625085195
2016-04-15T00:00:00.000Z,0,0.6905958702166876
2016-04-22T00:00:00.000Z,0,0.7059279829263687
2016-04-25T00:00:00.000Z,0,0.7106544077396393
2016-05-02T00:00:00.000Z,0,0.7119429757197698
2016-05-05T00:00:00.000Z,0,0.7209696670373281
2016-05-12T00:00:00.000Z,0,0.7304260283708572
2016-05-15T00:00:00.000Z,0,0.735549678405126
2016-05-22T00:00:00.000Z,0,0.7418814450502396
2016-05-25T00:00:00.000Z,0,0.757754385471344
2016-06-04T00:00:00.000Z,0,0.7581342458724976
2016-06-11T00:00:00.000Z,0,0.7457669228315353
2016-06-14T00:00:00.000Z,0,0.7127947807312012
2016-06-21T00:00:00.000Z,0,0.6860573490460714
2016-06-24T00:00:00.000Z,0,0.6686688164869944
2016-07-01T00:00:00.000Z,0,0.6739359249671301
2016-07-11T00:00:00.000Z,0,0.6841325958569845
2016-07-14T00:00:00.000Z,0,0.6915166427691778
2016-07-21T00:00:00.000Z,0,0.6961111674706141
2016-07-24T00:00:00.000Z,0,0.7027075638373693
2016-07-31T00:00:00.000Z,0,0.7075974643230438
2016-08-03T00:00:00.000Z,0,0.7141938755909601
2016-08-10T00:00:00.000Z,0,0.719083771109581
2016-08-13T00:00:00.000Z,0,0.726218452056249
2016-08-20T00:00:00.000Z,0,0.7302112181981405
2016-08-23T00:00:00.000Z,0,0.7292718241612116
2016-08-30T00:00:00.000Z,0,0.7258593936761221
2016-09-02T00:00:00.000Z,0,0.7137735038995743
2016-09-09T00:00:00.000Z,0,0.6946182598670324
2016-09-12T00:00:00.000Z,0,0.6830518047014872
2016-09-19T00:00:00.000Z,0,0.6848219732443491
2016-09-22T00:00:00.000Z,0,0.6803962538639704
2016-09-29T00:00:00.000Z,0,0.667894313732783
2016-10-02T00:00:00.000Z,0,0.6540597875912985
2016-10-09T00:00:00.000Z,0,0.6438043614228567
2016-10-12T00:00:00.000Z,0,0.6299698601166407
2016-10-19T00:00:00.000Z,0,0.6197144240140915
2016-10-22T00:00:00.000Z,0,0.604268804192543
2016-10-29T00:00:00.000Z,0,0.5966985523700714
2016-11-01T00:00:00.000Z,0,0.6054196655750275
2016-11-08T00:00:00.000Z,0,0.6294540713230768
2016-11-11T00:00:00.000Z,0,0.6378237903118134
2016-11-18T00:00:00.000Z,0,0.6296257227659225
2016-11-21T00:00:00.000Z,0,0.6142685959736506
2016-11-28T00:00:00.000Z,0,0.6015277206897736
2016-12-01T00:00:00.000Z,0,0.5717378954092661
2016-12-08T00:00:00.000Z,0,0.5405279646317164
2016-12-11T00:00:00.000Z,0,0.5018014907836914
2016-12-18T00:00:00.000Z,0,0.4685387636224429
2016-12-21T00:00:00.000Z,0,0.4460802972316742
2016-12-28T00:00:00.000Z,0,0.44643812129894894
2016-12-31T00:00:00.000Z,0,0.4532620757818222
2017-01-07T00:00:00.000Z,0,0.4550645326574643
2017-01-10T00:00:00.000Z,0,0.4719554881254832
2017-01-27T00:00:00.000Z,0,0.47784553468227386
2017-01-30T00:00:00.000Z,0,0.42298684765895206
2017-02-06T00:00:00.000Z,0,0.3090804119904836
2017-02-09T00:00:00.000Z,0,0.3027934432029724
2017-02-16T00:00:00.000Z,0,0.38050924986600876
2017-02-19T00:00:00.000Z,0,0.4606435274084409
2017-02-26T00:00:00.000Z,0,0.4685338760415713
2017-03-01T00:00:00.000Z,0,0.49525004128615063
2017-03-08T00:00:00.000Z,0,0.5150545661648115
2017-03-11T00:00:00.000Z,0,0.5421694740653038
2017-03-18T00:00:00.000Z,0,0.5627714842557907
2017-03-20T00:00:00.000Z,0,0.5786633789539337
2017-03-21T00:00:00.000Z,0,0.5817991495132446
2017-03-23T00:00:00.000Z,0,0.5846337676048279
2017-03-26T00:00:00.000Z,0,0.5866678257783254
2017-03-28T00:00:00.000Z,0,0.5910994410514832
2017-03-31T00:00:00.000Z,0,0.5968448172012965
2017-04-02T00:00:00.000Z,0,0.6046355416377386
2017-04-05T00:00:00.000Z,0,0.6111007233460745
2017-04-07T00:00:00.000Z,0,0.6186035126447678
2017-04-10T00:00:00.000Z,0,0.6250686844189962
2017-04-12T00:00:00.000Z,0,0.6325714935859045
2017-04-15T00:00:00.000Z,0,0.6390366603930792
2017-04-17T00:00:00.000Z,0,0.6465394695599874
2017-04-20T00:00:00.000Z,0,0.6530046413342158
2017-04-22T00:00:00.000Z,0,0.6605074306329092
2017-04-25T00:00:00.000Z,0,0.666972612341245
2017-04-27T00:00:00.000Z,0,0.6747097969055176
2017-04-30T00:00:00.000Z,0,0.6805889954169592
2017-05-02T00:00:00.000Z,0,0.6855915486812592
2017-05-05T00:00:00.000Z,0,0.6877018610636393
2017-05-07T00:00:00.000Z,0,0.6943288793166479
2017-05-10T00:00:00.000Z,0,0.7037818729877472
2017-05-12T00:00:00.000Z,0,0.7169339060783386
2017-05-15T00:00:00.000Z,0,0.7277851154406866
2017-05-17T00:00:00.000Z,0,0.7403778731822968
2017-05-20T00:00:00.000Z,0,0.7512290825446447
2017-05-22T00:00:00.000Z,0,0.7638218353192011
2017-05-25T00:00:00.000Z,0,0.7824044028917948
2017-05-27T00:00:00.000Z,0,0.7692259599765142
2017-05-30T00:00:00.000Z,0,0.7106351802746455
2017-06-01T00:00:00.000Z,0,0.6798084725936254
2017-06-04T00:00:00.000Z,0,0.7217277636130651
2017-06-06T00:00:00.000Z,0,0.7712379048268
2017-06-09T00:00:00.000Z,0,0.7745296557744344
2017-06-11T00:00:00.000Z,0,0.7596644212802252
2017-06-14T00:00:00.000Z,0,0.7509822199741999
2017-06-16T00:00:00.000Z,0,0.7409065713485082
2017-06-19T00:00:00.000Z,0,0.7322243750095367
2017-06-21T00:00:00.000Z,0,0.722148726383845
2017-06-24T00:00:00.000Z,0,0.7116002241770426
2017-06-26T00:00:00.000Z,0,0.7077455719312032
2017-06-29T00:00:00.000Z,0,0.7127495507399241
2017-07-01T00:00:00.000Z,0,0.723410521944364
2017-07-04T00:00:00.000Z,0,0.7315249890089035
2017-07-06T00:00:00.000Z,0,0.7428169548511505
2017-07-09T00:00:00.000Z,0,0.7462434619665146
2017-07-11T00:00:00.000Z,0,0.7340654085079829
2017-07-14T00:00:00.000Z,0,0.718034565448761
2017-07-16T00:00:00.000Z,0,0.714219922820727
2017-07-19T00:00:00.000Z,0,0.7238338440656662
2017-07-21T00:00:00.000Z,0,0.7351500689983368
2017-07-24T00:00:00.000Z,0,0.7462063878774643
2017-07-26T00:00:00.000Z,0,0.7554655224084854
2017-07-29T00:00:00.000Z,0,0.764104371269544
2017-07-31T00:00:00.000Z,0,0.7732479373613993
2017-08-03T00:00:00.000Z,0,0.7802516669034958
2017-08-05T00:00:00.000Z,0,0.7891218215227127
2017-08-08T00:00:00.000Z,0,0.7926356395085653
2017-08-10T00:00:00.000Z,0,0.7871251205603281
2017-08-13T00:00:00.000Z,0,0.7753060857454935
2017-08-15T00:00:00.000Z,0,0.7635496904452642
2017-08-18T00:00:00.000Z,0,0.7531015624602636
2017-08-20T00:00:00.000Z,0,0.7386209666728973
2017-08-23T00:00:00.000Z,0,0.733513077100118
2017-08-25T00:00:00.000Z,0,0.7472179333368937
2017-08-28T00:00:00.000Z,0,0.7593603332837423
2017-08-30T00:00:00.000Z,0,0.7633987615505854
2017-09-02T00:00:00.000Z,0,0.7675372163454691
2017-09-04T00:00:00.000Z,0,0.7776957402626673
2017-09-07T00:00:00.000Z,0,0.7767900178829829
2017-09-09T00:00:00.000Z,0,0.7712020029624304
2017-09-12T00:00:00.000Z,0,0.767388919989268
2017-09-14T00:00:00.000Z,0,0.7629638661940893
2017-09-17T00:00:00.000Z,0,0.7591507881879807
2017-09-19T00:00:00.000Z,0,0.7547257244586945
2017-09-22T00:00:00.000Z,0,0.7509126315514246
2017-09-24T00:00:00.000Z,0,0.7464875678221384
2017-09-27T00:00:00.000Z,0,0.7426744997501373
2017-09-29T00:00:00.000Z,0,0.7382494360208511
2017-10-02T00:00:00.000Z,0,0.7344363431135813
2017-10-04T00:00:00.000Z,0,0.7300112942854563
2017-10-07T00:00:00.000Z,0,0.7261982013781866
2017-10-09T00:00:00.000Z,0,0.7217731376489004
2017-10-12T00:00:00.000Z,0,0.7179600447416306
2017-10-14T00:00:00.000Z,0,0.7135349909464518
2017-10-17T00:00:00.000Z,0,0.7084082613388697
2017-10-19T00:00:00.000Z,0,0.7083620329697927
2017-10-22T00:00:00.000Z,0,0.7141823917627335
2017-10-24T00:00:00.000Z,0,0.724353477358818
2017-10-27T00:00:00.000Z,0,0.7323632687330246
2017-10-29T00:00:00.000Z,0,0.7416585832834244
2017-11-01T00:00:00.000Z,0,0.7496683597564697
2017-11-03T00:00:00.000Z,0,0.7589636643727621
2017-11-06T00:00:00.000Z,0,0.7669734557469686
2017-11-08T00:00:00.000Z,0,0.7762687752644221
2017-11-11T00:00:00.000Z,0,0.7865253885587057
2017-11-13T00:00:00.000Z,0,0.7883312354485194
2017-11-16T00:00:00.000Z,0,0.7798642168442408
2017-11-18T00:00:00.000Z,0,0.7641946623722712
2017-11-21T00:00:00.000Z,0,0.7519829273223877
2017-11-23T00:00:00.000Z,0,0.7378112624088923
2017-11-26T00:00:00.000Z,0,0.725599522391955
2017-11-28T00:00:00.000Z,0,0.7114278574784597
2017-12-01T00:00:00.000Z,0,0.6992161124944687
2017-12-03T00:00:00.000Z,0,0.685044452548027
2017-12-06T00:00:00.000Z,0,0.6728327025969824
2017-12-08T00:00:00.000Z,0,0.6586610426505407
2017-12-11T00:00:00.000Z,0,0.6464492926994959
2017-12-13T00:00:00.000Z,0,0.6322776476542155
2017-12-16T00:00:00.000Z,0,0.6169331173102061
2017-12-18T00:00:00.000Z,0,0.6132040172815323
2017-12-21T00:00:00.000Z,0,0.6239659090836843
2017-12-23T00:00:00.000Z,0,0.6446027805407842
2017-12-26T00:00:00.000Z,0,0.660585954785347
2017-12-28T00:00:00.000Z,0,0.679134319225947
2017-12-31T00:00:00.000Z,0,0.6951174736022949
2018-01-02T00:00:00.000Z,0,0.7136658529440562
2018-01-05T00:00:00.000Z,0,0.7375140885512034
2018-01-07T00:00:00.000Z,0,0.7298455387353897
2018-01-10T00:00:00.000Z,0,0.6881515234708786
2018-01-12T00:00:00.000Z,0,0.6150944381952286
2018-01-15T00:00:00.000Z,0,0.57083131869634
2018-01-17T00:00:00.000Z,0,0.5522013256947199
2018-01-20T00:00:00.000Z,0,0.5606350054343542
2018-01-22T00:00:00.000Z,0,0.563083733121554
2018-01-25T00:00:00.000Z,0,0.5651938021183014
2018-01-27T00:00:00.000Z,0,0.5676425298055013
2018-01-30T00:00:00.000Z,0,0.5697525988022486
2018-02-01T00:00:00.000Z,0,0.5722013264894485
2018-02-04T00:00:00.000Z,0,0.574057380358378
2018-02-06T00:00:00.000Z,0,0.5746450324853262
2018-02-09T00:00:00.000Z,0,0.5853872845570246
2018-02-11T00:00:00.000Z,0,0.6272244652112325
2018-02-14T00:00:00.000Z,0,0.6443261951208115
2018-02-16T00:00:00.000Z,0,0.6401040901740392
2018-02-19T00:00:00.000Z,0,0.62664162615935
2018-02-21T00:00:00.000Z,0,0.6377373536427816
2018-02-24T00:00:00.000Z,0,0.635348896185557
2018-02-26T00:00:00.000Z,0,0.6346599012613297
2018-03-01T00:00:00.000Z,0,0.634066179394722
2018-03-03T00:00:00.000Z,0,0.6333771844704946
2018-03-06T00:00:00.000Z,0,0.6327834775050482
2018-03-08T00:00:00.000Z,0,0.632094477613767
2018-03-11T00:00:00.000Z,0,0.6315007756153742
2018-03-13T00:00:00.000Z,0,0.6308117558558782
2018-03-16T00:00:00.000Z,0,0.6302180488904318
2018-03-18T00:00:00.000Z,0,0.6295290639003118
2018-03-21T00:00:00.000Z,0,0.628935361901919
2018-03-23T00:00:00.000Z,0,0.628246342142423
2018-03-26T00:00:00.000Z,0,0.6276526401440302
2018-03-28T00:00:00.000Z,0,0.6269636402527491
2018-03-31T00:00:00.000Z,0,0.6263699332873026
2018-04-02T00:00:00.000Z,0,0.6256809383630753
2018-04-05T00:00:00.000Z,0,0.6250872214635214
2018-04-07T00:00:00.000Z,0,0.6243982265392939
2018-04-10T00:00:00.000Z,0,0.6183166950941086
2018-04-12T00:00:00.000Z,0,0.635920430223147
2018-04-15T00:00:00.000Z,0,0.6782166610161463
2018-04-17T00:00:00.000Z,0,0.7309851745764414
2018-04-20T00:00:00.000Z,0,0.7571239024400711
2018-04-22T00:00:00.000Z,0,0.7704680462678274
2018-04-25T00:00:00.000Z,0,0.7737021148204803
2018-04-27T00:00:00.000Z,0,0.7923243741194407
2018-04-30T00:00:00.000Z,0,0.8059144417444865
2018-05-02T00:00:00.000Z,0,0.825189063946406
2018-05-05T00:00:00.000Z,0,0.8364903479814529
2018-05-07T00:00:00.000Z,0,0.845061868429184
2018-05-10T00:00:00.000Z,0,0.835433209935824
2018-05-12T00:00:00.000Z,0,0.8246787339448929
2018-05-15T00:00:00.000Z,0,0.8142064164082209
2018-05-17T00:00:00.000Z,0,0.8131008297204971
2018-05-20T00:00:00.000Z,0,0.8060446133216222
2018-05-22T00:00:00.000Z,0,0.7992897431055704
2018-05-25T00:00:00.000Z,0,0.7857781400283178
2018-05-30T00:00:00.000Z,0,0.7947268734375635
2018-06-01T00:00:00.000Z,0,0.802382712562879
2018-06-04T00:00:00.000Z,0,0.8119110067685446
2018-06-06T00:00:00.000Z,0,0.7974272867043813
2018-06-09T00:00:00.000Z,0,0.7789662082990011
2018-06-11T00:00:00.000Z,0,0.7557274599870046
2018-06-14T00:00:00.000Z,0,0.7399381101131439
2018-06-16T00:00:00.000Z,0,0.7207274486621221
2018-06-19T00:00:00.000Z,0,0.7041735897461573
2018-06-21T00:00:00.000Z,0,0.6849629282951355
2018-06-24T00:00:00.000Z,0,0.6780566076437632
2018-06-26T00:00:00.000Z,0,0.6221459706624349
2018-06-29T00:00:00.000Z,0,0.5432793349027634
2018-07-01T00:00:00.000Z,0,0.47559232264757156
2018-07-04T00:00:00.000Z,0,0.4579055458307266
2018-07-06T00:00:00.000Z,0,0.4438101003567378
2018-07-09T00:00:00.000Z,0,0.4377296045422554
2018-07-11T00:00:00.000Z,0,0.4380049655834834
2018-07-14T00:00:00.000Z,0,0.4376758858561516
2018-07-16T00:00:00.000Z,0,0.4335113937656085
2018-07-19T00:00:00.000Z,0,0.426167868077755
2018-07-21T00:00:00.000Z,0,0.4154565731684367
2018-07-24T00:00:00.000Z,0,0.4021511723597844
2018-07-26T00:00:00.000Z,0,0.4138249283035596
2018-07-29T00:00:00.000Z,0,0.4154311741391818
2018-07-31T00:00:00.000Z,0,0.4067619691292445
2018-08-03T00:00:00.000Z,0,0.38786760965983075
2018-08-05T00:00:00.000Z,0,0.39573120574156445
2018-08-08T00:00:00.000Z,0,0.4004102423787117
2018-08-10T00:00:00.000Z,0,0.4067524845401446
2018-08-13T00:00:00.000Z,0,0.41314777731895447
2018-08-15T00:00:00.000Z,0,0.420290728410085
2018-08-18T00:00:00.000Z,0,0.4264458144704501
2018-08-20T00:00:00.000Z,0,0.4355589871605237
2018-08-23T00:00:00.000Z,0,0.43678850680589676
2018-08-25T00:00:00.000Z,0,0.4201921770970027
2018-08-28T00:00:00.000Z,0,0.4036027068893115
2018-08-30T00:00:00.000Z,0,0.4089297503232956
2018-09-02T00:00:00.000Z,0,0.4328392793734868
2018-09-04T00:00:00.000Z,0,0.44011879215637845
2018-09-07T00:00:00.000Z,0,0.42681510498126346
2018-09-09T00:00:00.000Z,0,0.4200924411416054
2018-09-12T00:00:00.000Z,0,0.43401777495940524
2018-09-14T00:00:00.000Z,0,0.4664238666494687
2018-09-17T00:00:00.000Z,0,0.4642496133844058
2018-09-19T00:00:00.000Z,0,0.4485032136241595
2018-09-22T00:00:00.000Z,0,0.43331876893838245
2018-09-24T00:00:00.000Z,0,0.4456360265612602
2018-09-27T00:00:00.000Z,0,0.45077285915613174
2018-09-29T00:00:00.000Z,0,0.4620387405157089
2018-10-02T00:00:00.000Z,0,0.4770124355951945
2018-10-04T00:00:00.000Z,0,0.5004231209556261
2018-10-07T00:00:00.000Z,0,0.5099548548460007
2018-10-09T00:00:00.000Z,0,0.4947516495982806
2018-10-12T00:00:00.000Z,0,0.4788371945420901
2018-10-14T00:00:00.000Z,0,0.47357985377311707
2018-10-17T00:00:00.000Z,0,0.4763128086924553
2018-10-19T00:00:00.000Z,0,0.4844531441728274
2018-10-22T00:00:00.000Z,0,0.5045078073938688
2018-10-24T00:00:00.000Z,0,0.5188485309481621
2018-10-27T00:00:00.000Z,0,0.5230778803428014
2018-10-29T00:00:00.000Z,0,0.5301835387945175
2018-11-01T00:00:00.000Z,0,0.5393461336692175
2018-11-03T00:00:00.000Z,0,0.5338734239339828
2018-11-06T00:00:00.000Z,0,0.5238214358687401
2018-11-08T00:00:00.000Z,0,0.5219368686278661
2018-11-11T00:00:00.000Z,0,0.5459856192270914
2018-11-16T00:00:00.000Z,0,0.5576311747233073
2018-11-18T00:00:00.000Z,0,0.5397036671638489
2018-11-21T00:00:00.000Z,0,0.5159875651200613
2018-11-23T00:00:00.000Z,0,0.5226120799779892
2018-11-26T00:00:00.000Z,0,0.5514661024014155
2018-11-28T00:00:00.000Z,0,0.5689857502778372
2018-12-01T00:00:00.000Z,0,0.5744791775941849
2018-12-03T00:00:00.000Z,0,0.5752554188172022
2018-12-06T00:00:00.000Z,0,0.5771609793106715
2018-12-08T00:00:00.000Z,0,0.5793723712364832
2018-12-11T00:00:00.000Z,0,0.5812779366970062
2018-12-13T00:00:00.000Z,0,0.583489328622818
2018-12-16T00:00:00.000Z,0,0.5853949040174484
2018-12-18T00:00:00.000Z,0,0.5876062860091528
2018-12-21T00:00:00.000Z,0,0.5895118514696757
2018-12-23T00:00:00.000Z,0,0.59172323346138
2018-12-26T00:00:00.000Z,0,0.5936288038889567
2018-12-28T00:00:00.000Z,0,0.5958401809136072
2018-12-31T00:00:00.000Z,0,0.597745751341184
2019-01-02T00:00:00.000Z,0,0.5999571482340494
2019-01-05T00:00:00.000Z,0,0.6018627186616262
2019-01-07T00:00:00.000Z,0,0.6040740956862768
2019-01-10T00:00:00.000Z,0,0.6059796661138535
2019-01-12T00:00:00.000Z,0,0.6081910481055578
2019-01-15T00:00:00.000Z,0,0.6100966135660807
2019-01-17T00:00:00.000Z,0,0.612307995557785
2019-01-20T00:00:00.000Z,0,0.6142135709524155
2019-01-22T00:00:00.000Z,0,0.6164249628782272
2019-01-25T00:00:00.000Z,0,0.6183305283387502
2019-01-27T00:00:00.000Z,0,0.620541920264562
2019-01-30T00:00:00.000Z,0,0.6224474807580312
2019-02-01T00:00:00.000Z,0,0.6248716761668524
2019-02-04T00:00:00.000Z,0,0.6262452304363251
2019-02-06T00:00:00.000Z,0,0.6261866688728333
2019-02-09T00:00:00.000Z,0,0.6249001274506251
2019-02-11T00:00:00.000Z,0,0.6237775584061941
2019-02-14T00:00:00.000Z,0,0.6227140973011652
2019-02-16T00:00:00.000Z,0,0.6219119230906168
2019-02-19T00:00:00.000Z,0,0.6216494788726171
2019-02-21T00:00:00.000Z,0,0.6212438692649206
2019-02-24T00:00:00.000Z,0,0.6220192462205887
2019-02-26T00:00:00.000Z,0,0.6256450861692429
2019-03-01T00:00:00.000Z,0,0.6308085223038992
2019-03-03T00:00:00.000Z,0,0.6361895849307379
2019-03-06T00:00:00.000Z,0,0.6407602777083715
2019-03-08T00:00:00.000Z,0,0.6463619470596313
2019-03-11T00:00:00.000Z,0,0.6514841715494791
2019-03-13T00:00:00.000Z,0,0.6576006263494492
2019-03-16T00:00:00.000Z,0,0.6628331790367762
2019-03-18T00:00:00.000Z,0,0.66890549659729
2019-03-21T00:00:00.000Z,0,0.6741380343834559
2019-03-23T00:00:00.000Z,0,0.6802103519439697
2019-03-26T00:00:00.000Z,0,0.6854429046312968
2019-03-28T00:00:00.000Z,0,0.6941580524047216
2019-03-31T00:00:00.000Z,0,0.6903076171875
2019-04-02T00:00:00.000Z,0,0.6764429261287054
2019-04-05T00:00:00.000Z,0,0.6588267385959625
2019-04-07T00:00:00.000Z,0,0.6555488258600235
2019-04-10T00:00:00.000Z,0,0.6573828359444936
2019-04-12T00:00:00.000Z,0,0.6655796468257904
2019-04-15T00:00:00.000Z,0,0.6582500338554382
2019-04-17T00:00:00.000Z,0,0.6558289031187693
2019-04-20T00:00:00.000Z,0,0.6486561447381973
2019-04-22T00:00:00.000Z,0,0.6584343661864599
2019-04-25T00:00:00.000Z,0,0.6655043015877405
2019-04-27T00:00:00.000Z,0,0.6830296268065771
2019-04-30T00:00:00.000Z,0,0.6907479763031006
2019-05-02T00:00:00.000Z,0,0.7030753046274185
2019-05-05T00:00:00.000Z,0,0.7096018095811208
2019-05-07T00:00:00.000Z,0,0.7066975086927414
2019-05-10T00:00:00.000Z,0,0.6964445362488428
2019-05-12T00:00:00.000Z,0,0.68760946393013
2019-05-15T00:00:00.000Z,0,0.6775060147047043
2019-05-17T00:00:00.000Z,0,0.6576888610919317
2019-05-20T00:00:00.000Z,0,0.6452616602182388
2019-05-25T00:00:00.000Z,0,0.6450866709152857
2019-05-27T00:00:00.000Z,0,0.6552800436814626
2019-05-30T00:00:00.000Z,0,0.6602187951405843
2019-06-01T00:00:00.000Z,0,0.6686317622661591
2019-06-04T00:00:00.000Z,0,0.6619444439808527
2019-06-06T00:00:00.000Z,0,0.6675360153118769
2019-06-09T00:00:00.000Z,0,0.682996521393458
2019-06-11T00:00:00.000Z,0,0.7122331658999125
2019-06-14T00:00:00.000Z,0,0.7149654875199
2019-06-16T00:00:00.000Z,0,0.699934388200442
2019-06-19T00:00:00.000Z,0,0.6715337882439295
2019-06-21T00:00:00.000Z,0,0.6439605156580607
2019-06-24T00:00:00.000Z,0,0.6195938934882482
2019-06-26T00:00:00.000Z,0,0.5943313588698705
2019-06-29T00:00:00.000Z,0,0.5686265726884207
2019-07-01T00:00:00.000Z,0,0.549792135755221
2019-07-04T00:00:00.000Z,0,0.5444010744492213
2019-07-06T00:00:00.000Z,0,0.548650249838829
2019-07-09T00:00:00.000Z,0,0.5495258172353109
2019-07-11T00:00:00.000Z,0,0.5539886603752772
2019-07-14T00:00:00.000Z,0,0.5612558573484421
2019-07-16T00:00:00.000Z,0,0.571684256196022
2019-07-19T00:00:00.000Z,0,0.580229789018631
2019-07-21T00:00:00.000Z,0,0.594375823934873
2019-07-24T00:00:00.000Z,0,0.5865479310353597
2019-07-26T00:00:00.000Z,0,0.5706926186879476
2019-07-29T00:00:00.000Z,0,0.5583442151546478
2019-07-31T00:00:00.000Z,0,0.5679537057876587
2019-08-03T00:00:00.000Z,0,0.5678900082906088
2019-08-05T00:00:00.000Z,0,0.5562391430139542
2019-08-08T00:00:00.000Z,0,0.5339560483892759
2019-08-10T00:00:00.000Z,0,0.5267977640032768
2019-08-13T00:00:00.000Z,0,0.5366177409887314
2019-08-15T00:00:00.000Z,0,0.5573351681232452
2019-08-18T00:00:00.000Z,0,0.5759062518676122
2019-08-20T00:00:00.000Z,0,0.5849751979112625
2019-08-23T00:00:00.000Z,0,0.5772872517506281
2019-08-25T00:00:00.000Z,0,0.5763199081023535
2019-08-28T00:00:00.000Z,0,0.5869347403446833
2019-08-30T00:00:00.000Z,0,0.5980441222588221
2019-09-02T00:00:00.000Z,0,0.5988728801409403
2019-09-04T00:00:00.000Z,0,0.6019195864597956
2019-09-07T00:00:00.000Z,0,0.604544922709465
2019-09-09T00:00:00.000Z,0,0.6075916190942129
2019-09-12T00:00:00.000Z,0,0.6102169503768285
2019-09-14T00:00:00.000Z,0,0.6132636368274689
2019-09-17T00:00:00.000Z,0,0.6158889979124069
2019-09-19T00:00:00.000Z,0,0.6188218742609024
2019-09-22T00:00:00.000Z,0,0.6217317233482996
2019-09-24T00:00:00.000Z,0,0.6259923428297043
2019-09-27T00:00:00.000Z,0,0.6303247412045797
2019-09-29T00:00:00.000Z,0,0.6351543863614401
2019-10-02T00:00:00.000Z,0,0.6393160869677862
2019-10-04T00:00:00.000Z,0,0.6441457271575928
2019-10-07T00:00:00.000Z,0,0.6483074327309927
2019-10-09T00:00:00.000Z,0,0.6531370729207993
2019-10-12T00:00:00.000Z,0,0.6572987735271454
2019-10-14T00:00:00.000Z,0,0.6621284186840057
2019-10-17T00:00:00.000Z,0,0.6654272625843684
2019-10-19T00:00:00.000Z,0,0.6732767522335052
2019-10-22T00:00:00.000Z,0,0.6834069192409515
2019-10-24T00:00:00.000Z,0,0.696291541059812
2019-10-27T00:00:00.000Z,0,0.7079217185576757
2019-10-29T00:00:00.000Z,0,0.7133208960294724
2019-11-01T00:00:00.000Z,0,0.7096867511669794
2019-11-03T00:00:00.000Z,0,0.7006381104389826
2019-11-06T00:00:00.000Z,0,0.6939079811175665
2019-11-08T00:00:00.000Z,0,0.6860977212587992
2019-11-11T00:00:00.000Z,0,0.6793675969044367
2019-11-13T00:00:00.000Z,0,0.6715573420127233
2019-11-16T00:00:00.000Z,0,0.6648272126913071
2019-11-18T00:00:00.000Z,0,0.6570169677337011
2019-11-21T00:00:00.000Z,0,0.6502868384122849
2019-11-23T00:00:00.000Z,0,0.6424765785535177
2019-11-26T00:00:00.000Z,0,0.6357464691003164
2019-11-28T00:00:00.000Z,0,0.6279362092415491
2019-12-01T00:00:00.000Z,0,0.621206079920133
2019-12-03T00:00:00.000Z,0,0.6133958299954733
2019-12-06T00:00:00.000Z,0,0.6066656957070032
2019-12-08T00:00:00.000Z,0,0.5988554358482361
2019-12-11T00:00:00.000Z,0,0.5918162415424982
2019-12-13T00:00:00.000Z,0,0.5850362628698349
2019-12-16T00:00:00.000Z,0,0.5805727491776148
2019-12-18T00:00:00.000Z,0,0.5761967400709788
2019-12-21T00:00:00.000Z,0,0.5722483545541763
2019-12-23T00:00:00.000Z,0,0.5676662971576055
2019-12-26T00:00:00.000Z,0,0.563717911640803
2019-12-28T00:00:00.000Z,0,0.5629940976699194
2019-12-31T00:00:00.000Z,0,0.5401314248641332
2020-01-02T00:00:00.000Z,0,0.5252903550863266
2020-01-05T00:00:00.000Z,0,0.5314386536677679
2020-01-07T00:00:00.000Z,0,0.5693961332241694
2020-01-10T00:00:00.000Z,0,0.5967795997858047
2020-01-12T00:00:00.000Z,0,0.6285579601923624
2020-01-15T00:00:00.000Z,0,0.6593147118886312
2020-01-17T00:00:00.000Z,0,0.6798488249381384
2020-01-20T00:00:00.000Z,0,0.6824950029452642
2020-01-22T00:00:00.000Z,0,0.6767925967772802
2020-01-25T00:00:00.000Z,0,0.6738166362047195
2020-01-27T00:00:00.000Z,0,0.6703630685806274
2020-01-30T00:00:00.000Z,0,0.6673871278762817
2020-02-01T00:00:00.000Z,0,0.6639335652192434
2020-02-04T00:00:00.000Z,0,0.6609576046466827
2020-02-06T00:00:00.000Z,0,0.6575040419896444
2020-02-09T00:00:00.000Z,0,0.6545280863841375
2020-02-11T00:00:00.000Z,0,0.6510745286941528
2020-02-14T00:00:00.000Z,0,0.6480985681215922
2020-02-16T00:00:00.000Z,0,0.6446450054645538
2020-02-19T00:00:00.000Z,0,0.6405089149872462
2020-02-21T00:00:00.000Z,0,0.6409225116173426
2020-02-24T00:00:00.000Z,0,0.646454319357872
2020-02-26T00:00:00.000Z,0,0.6558912893136343
2020-02-29T00:00:00.000Z,0,0.6633566717306772
2020-03-02T00:00:00.000Z,0,0.6720201969146729
2020-03-05T00:00:00.000Z,0,0.6794856091340383
2020-03-07T00:00:00.000Z,0,0.6881491343180338
2020-03-10T00:00:00.000Z,0,0.6956145266691843
2020-03-12T00:00:00.000Z,0,0.7042780568202337
2020-03-15T00:00:00.000Z,0,0.7126455952723821
2020-03-17T00:00:00.000Z,0,0.7183019618193308
2020-03-20T00:00:00.000Z,0,0.7206700295209885
2020-03-22T00:00:00.000Z,0,0.7150898079077402
2020-03-25T00:00:00.000Z,0,0.6983721256256104
2020-03-27T00:00:00.000Z,0,0.681176687280337
2020-03-30T00:00:00.000Z,0,0.6749406705300013
2020-04-01T00:00:00.000Z,0,0.6765138506889343
2020-04-04T00:00:00.000Z,0,0.6889831374088923
2020-04-06T00:00:00.000Z,0,0.6316613207260767
2020-04-09T00:00:00.000Z,0,0.5743949711322784
2020-04-11T00:00:00.000Z,0,0.5939072668552399
2020-04-14T00:00:00.000Z,0,0.6823110530773798
2020-04-16T00:00:00.000Z,0,0.7142867396275202
2020-04-19T00:00:00.000Z,0,0.6987560093402863
2020-04-21T00:00:00.000Z,0,0.6929117639859518
2020-04-24T00:00:00.000Z,0,0.6771688113609949
2020-04-26T00:00:00.000Z,0,0.675531322757403
2020-04-29T00:00:00.000Z,0,0.6838756650686264
2020-05-01T00:00:00.000Z,0,0.7135815521081289
2020-05-04T00:00:00.000Z,0,0.7313638379176458
2020-05-06T00:00:00.000Z,0,0.7323874086141586
2020-05-09T00:00:00.000Z,0,0.7171692649523417
2020-05-11T00:00:00.000Z,0,0.6992132266362509
2020-05-14T00:00:00.000Z,0,0.6920988659063975
2020-05-16T00:00:00.000Z,0,0.635041688879331
2020-05-19T00:00:00.000Z,0,0.6116616030534109
2020-05-21T00:00:00.000Z,0,0.6301320046186447
2020-05-24T00:00:00.000Z,0,0.6876047899325689
2020-05-26T00:00:00.000Z,0,0.7054574837287267
2020-05-29T00:00:00.000Z,0,0.7066337217887243
2020-05-31T00:00:00.000Z,0,0.7006464898586273
2020-06-03T00:00:00.000Z,0,0.6963922530412674
2020-06-05T00:00:00.000Z,0,0.7141179839769999
2020-06-08T00:00:00.000Z,0,0.7260464876890182
2020-06-10T00:00:00.000Z,0,0.7423696170250574
2020-06-13T00:00:00.000Z,0,0.7460532486438751
2020-06-15T00:00:00.000Z,0,0.7402559916178385
2020-06-18T00:00:00.000Z,0,0.7299747467041016
2020-06-20T00:00:00.000Z,0,0.7415724744399389
2020-06-23T00:00:00.000Z,0,0.6827458739280701
2020-06-25T00:00:00.000Z,0,0.6006690164407095
2020-06-28T00:00:00.000Z,0,0.542637104789416
2020-06-30T00:00:00.000Z,0,0.5539314498504003
2020-07-03T00:00:00.000Z,0,0.5516361594200134
2020-07-05T00:00:00.000Z,0,0.5489725023508072
2020-07-08T00:00:00.000Z,0,0.5466772243380547
2020-07-10T00:00:00.000Z,0,0.5399536639451981
2020-07-13T00:00:00.000Z,0,0.5478081280986468
2020-07-15T00:00:00.000Z,0,0.5862304170926412
2020-07-18T00:00:00.000Z,0,0.6503825634717941
2020-07-20T00:00:00.000Z,0,0.7410489420096079
2020-07-23T00:00:00.000Z,0,0.8117327640453974
2020-07-25T00:00:00.000Z,0,0.8429213066895803
2020-07-28T00:00:00.000Z,0,0.834658811489741
2020-07-30T00:00:00.000Z,0,0.8356005698442459
2020-08-02T00:00:00.000Z,0,0.8389368702967962
2020-08-04T00:00:00.000Z,0,0.8305918077627817
2020-08-07T00:00:00.000Z,0,0.8150658955176672
2020-08-09T00:00:00.000Z,0,0.7979498406251272
2020-08-12T00:00:00.000Z,0,0.7873417486747106
2020-08-14T00:00:00.000Z,0,0.7687372465928396
2020-08-17T00:00:00.000Z,0,0.7432639300823212
2020-08-19T00:00:00.000Z,0,0.7230995297431946
2020-08-22T00:00:00.000Z,0,0.7151530981063843
2020-08-24T00:00:00.000Z,0,0.714985633889834
2020-08-27T00:00:00.000Z,0,0.7123593787352244
2020-08-29T00:00:00.000Z,0,0.712676485379537
2020-09-01T00:00:00.000Z,0,0.716002364953359
2020-09-03T00:00:00.000Z,0,0.7231021275122961
2020-09-06T00:00:00.000Z,0,0.7300731192032496
2020-09-08T00:00:00.000Z,0,0.7389110624790192
2020-09-11T00:00:00.000Z,0,0.7463614741961161
2020-09-13T00:00:00.000Z,0,0.7570454726616541
2020-09-16T00:00:00.000Z,0,0.7567376991113027
2020-09-18T00:00:00.000Z,0,0.7581615696350733
2020-09-21T00:00:00.000Z,0,0.7410194724798203
2020-09-23T00:00:00.000Z,0,0.6854512890179952
2020-09-26T00:00:00.000Z,0,0.5975902229547501
2020-09-28T00:00:00.000Z,0,0.5190846994519234
2020-10-01T00:00:00.000Z,0,0.4666587635874748
2020-10-03T00:00:00.000Z,0,0.41451586534579593
2020-10-06T00:00:00.000Z,0,0.3676631997028987
2020-10-08T00:00:00.000Z,0,0.3132909908890724
2020-10-11T00:00:00.000Z,0,0.21589418376485506
2020-10-13T00:00:00.000Z,0,0.36127597838640213
2020-10-16T00:00:00.000Z,0,0.6068966488043467
2020-10-18T00:00:00.000Z,0,0.7805419911940893
2020-10-21T00:00:00.000Z,0,0.7194840212663015
2020-10-23T00:00:00.000Z,0,0.7030657082796097
2020-10-26T00:00:00.000Z,0,0.6868674407402674
2020-10-28T00:00:00.000Z,0,0.677284320195516
2020-10-31T00:00:00.000Z,0,0.6781740387280782
2020-11-02T00:00:00.000Z,0,0.6845397055149078
2020-11-05T00:00:00.000Z,0,0.6888470202684402
2020-11-07T00:00:00.000Z,0,0.6938456346591314
2020-11-10T00:00:00.000Z,0,0.6981529543797175
2020-11-12T00:00:00.000Z,0,0.7031515836715698
2020-11-15T00:00:00.000Z,0,0.7074588884909948
2020-11-17T00:00:00.000Z,0,0.7129621555407842
2020-11-20T00:00:00.000Z,0,0.7160078684488932
2020-11-22T00:00:00.000Z,0,0.7156236171722412
2020-11-25T00:00:00.000Z,0,0.7125817586978277
2020-11-27T00:00:00.000Z,0,0.7089393337567648
2020-11-30T00:00:00.000Z,0,0.7048170616229376
2020-12-02T00:00:00.000Z,0,0.6994597315788269
2020-12-05T00:00:00.000Z,0,0.6949699769417444
2020-12-07T00:00:00.000Z,0,0.6897596418857574
2020-12-10T00:00:00.000Z,0,0.685269887248675
2020-12-12T00:00:00.000Z,0,0.6800595472256342
2020-12-15T00:00:00.000Z,0,0.6755697876214981
2020-12-17T00:00:00.000Z,0,0.6703594674666723
2020-12-20T00:00:00.000Z,0,0.6658696979284286
2020-12-22T00:00:00.000Z,0,0.6606593728065491
2020-12-25T00:00:00.000Z,0,0.656169613202413
2020-12-27T00:00:00.000Z,0,0.6509592831134796
2020-12-30T00:00:00.000Z,0,0.6464695235093435
2021-01-01T00:00:00.000Z,0,0.6412591834863027
2021-01-04T00:00:00.000Z,0,0.6367694288492203
2021-01-06T00:00:00.000Z,0,0.6315590987602869
2021-01-09T00:00:00.000Z,0,0.627069334189097
2021-01-11T00:00:00.000Z,0,0.6218590090672175
2021-01-14T00:00:00.000Z,0,0.6173692444960276
2021-01-16T00:00:00.000Z,0,0.6121589094400406
2021-01-19T00:00:00.000Z,0,0.6076691498359045
2021-01-21T00:00:00.000Z,0,0.6024588197469711
2021-01-24T00:00:00.000Z,0,0.5979690651098887
2021-01-26T00:00:00.000Z,0,0.5927587250868479
2021-01-29T00:00:00.000Z,0,0.5882689505815506
2021-01-31T00:00:00.000Z,0,0.5830586353937784
2021-02-03T00:00:00.000Z,0,0.5785688708225886
2021-02-05T00:00:00.000Z,0,0.573358545700709
2021-02-08T00:00:00.000Z,0,0.5688687860965729
2021-02-10T00:00:00.000Z,0,0.5636584560076395
2021-02-13T00:00:00.000Z,0,0.5591686964035034
2021-02-15T00:00:00.000Z,0,0.5539583663145701
2021-02-18T00:00:00.000Z,0,0.5494685967763265
2021-02-20T00:00:00.000Z,0,0.5442582666873932
2021-02-23T00:00:00.000Z,0,0.5363339185714722
2021-02-25T00:00:00.000Z,0,0.5425721953312556
2021-02-28T00:00:00.000Z,0,0.5632694115241369
2021-03-02T00:00:00.000Z,0,0.5982061276833216
2021-03-05T00:00:00.000Z,0,0.619665116071701
2021-03-07T00:00:00.000Z,0,0.6291536539793015
2021-03-10T00:00:00.000Z,0,0.6257999936739603
2021-03-12T00:00:00.000Z,0,0.6253634591897329
2021-03-15T00:00:00.000Z,0,0.6249873091777166
2021-03-17T00:00:00.000Z,0,0.6245507746934891
2021-03-20T00:00:00.000Z,0,0.6237113277117411
2021-03-22T00:00:00.000Z,0,0.6248191545406977
2021-03-25T00:00:00.000Z,0,0.6278405537207922
2021-03-27T00:00:00.000Z,0,0.6325518439213434
2021-03-30T00:00:00.000Z,0,0.6363454113403956
2021-04-01T00:00:00.000Z,0,0.6407478402058283
2021-04-04T00:00:00.000Z,0,0.6445414076248804
2021-04-06T00:00:00.000Z,0,0.6489438315232595
2021-04-09T00:00:00.000Z,0,0.6527373989423116
2021-04-11T00:00:00.000Z,0,0.6571398228406906
2021-04-14T00:00:00.000Z,0,0.6609333952267965
2021-04-16T00:00:00.000Z,0,0.6651709626118342
2021-04-19T00:00:00.000Z,0,0.6693766713142395
2021-04-21T00:00:00.000Z,0,0.6755375117063522
2021-04-24T00:00:00.000Z,0,0.6818038672208786
2021-04-26T00:00:00.000Z,0,0.6887889802455902
2021-04-29T00:00:00.000Z,0,0.6948080658912659
2021-05-01T00:00:00.000Z,0,0.7017931789159775
2021-05-04T00:00:00.000Z,0,0.7078122595945994
2021-05-06T00:00:00.000Z,0,0.7165962805350622
2021-05-09T00:00:00.000Z,0,0.7147472004095713
2021-05-11T00:00:00.000Z,0,0.713780090212822
2021-05-14T00:00:00.000Z,0,0.7175351083278656
2021-05-16T00:00:00.000Z,0,0.7337912768125534
2021-05-19T00:00:00.000Z,0,0.7458627969026566
2021-05-21T00:00:00.000Z,0,0.759871726234754
2021-05-24T00:00:00.000Z,0,0.7719432363907496
2021-05-26T00:00:00.000Z,0,0.785952165722847
2021-05-29T00:00:00.000Z,0,0.798376739025116
2021-05-31T00:00:00.000Z,0,0.8120830903450648
2021-06-03T00:00:00.000Z,0,0.8193797320127487
2021-06-05T00:00:00.000Z,0,0.8227282464504242
2021-06-08T00:00:00.000Z,0,0.8082892000675201
2021-06-10T00:00:00.000Z,0,0.7897966504096985
2021-06-13T00:00:00.000Z,0,0.7755456566810608
2021-06-15T00:00:00.000Z,0,0.774003600080808
2021-06-18T00:00:00.000Z,0,0.7680227756500244
2021-06-20T00:00:00.000Z,0,0.755309263865153
2021-06-23T00:00:00.000Z,0,0.7400359511375427
2021-06-25T00:00:00.000Z,0,0.7226225833098093
2021-06-28T00:00:00.000Z,0,0.7109215458234152
2021-06-30T00:00:00.000Z,0,0.7049749592940012
2021-07-03T00:00:00.000Z,0,0.7055597652991613
2021-07-05T00:00:00.000Z,0,0.7045274972915649
2021-07-08T00:00:00.000Z,0,0.7036380072434744
2021-07-10T00:00:00.000Z,0,0.702605739235878
2021-07-13T00:00:00.000Z,0,0.7112532506386439
2021-07-15T00:00:00.000Z,0,0.6784309893846512
2021-07-18T00:00:00.000Z,0,0.5957312434911728
2021-07-20T00:00:00.000Z,0,0.5283064444859823
2021-07-23T00:00:00.000Z,0,0.5286470328768095
2021-07-25T00:00:00.000Z,0,0.5599198391040167
2021-07-28T00:00:00.000Z,0,0.5809844384590784
2021-07-30T00:00:00.000Z,0,0.6012191822131475
2021-08-02T00:00:00.000Z,0,0.6144756476084391
2021-08-04T00:00:00.000Z,0,0.6274227648973465
2021-08-07T00:00:00.000Z,0,0.6391175836324692
2021-08-09T00:00:00.000Z,0,0.6526893526315689
2021-08-12T00:00:00.000Z,0,0.6648811350266138
2021-08-14T00:00:00.000Z,0,0.6767964164415995
2021-08-17T00:00:00.000Z,0,0.68484694759051
2021-08-19T00:00:00.000Z,0,0.6928970863421758
2021-08-22T00:00:00.000Z,0,0.7001193761825562
2021-08-24T00:00:00.000Z,0,0.708500807483991
2021-08-27T00:00:00.000Z,0,0.7157230973243713
2021-08-29T00:00:00.000Z,0,0.7250237564245859
2021-09-01T00:00:00.000Z,0,0.72994797428449
2021-09-03T00:00:00.000Z,0,0.7285242776075999
2021-09-06T00:00:00.000Z,0,0.7221769342819849
2021-09-08T00:00:00.000Z,0,0.7154276768366495
2021-09-11T00:00:00.000Z,0,0.7086356530586878
2021-09-13T00:00:00.000Z,0,0.7001844296852747
2021-09-16T00:00:00.000Z,0,0.6930276801188787
2021-09-18T00:00:00.000Z,0,0.6847223440806071
2021-09-21T00:00:00.000Z,0,0.6775655945142111
2021-09-23T00:00:00.000Z,0,0.6685806959867477
2021-09-26T00:00:00.000Z,0,0.6631228476762772
2021-09-28T00:00:00.000Z,0,0.6620660324891409
2021-10-01T00:00:00.000Z,0,0.6651025513807932
2021-10-03T00:00:00.000Z,0,0.6674434840679169
2021-10-06T00:00:00.000Z,0,0.6681201159954071
2021-10-08T00:00:00.000Z,0,0.6749295840660731
2021-10-11T00:00:00.000Z,0,0.6867775619029999
2021-10-13T00:00:00.000Z,0,0.7040136357148489
2021-10-16T00:00:00.000Z,0,0.7180958837270737
2021-10-18T00:00:00.000Z,0,0.7344382405281067
2021-10-21T00:00:00.000Z,0,0.7517671088377634
2021-10-23T00:00:00.000Z,0,0.7572874128818512
2021-10-26T00:00:00.000Z,0,0.747561126947403
2021-10-28T00:00:00.000Z,0,0.7278299530347189
2021-10-31T00:00:00.000Z,0,0.7126926432053248
2021-11-02T00:00:00.000Z,0,0.695125882824262
2021-11-05T00:00:00.000Z,0,0.670158659418424
2021-11-07T00:00:00.000Z,0,0.6906680762767792
2021-11-10T00:00:00.000Z,0,0.7343421876430511
2021-11-12T00:00:00.000Z,0,0.7693584859371185
2021-11-15T00:00:00.000Z,0,0.763042946656545
2021-11-17T00:00:00.000Z,0,0.7649568468332291
2021-11-20T00:00:00.000Z,0,0.7674394349257151
2021-11-22T00:00:00.000Z,0,0.7665753563245138
2021-11-25T00:00:00.000Z,0,0.762113039692243
2021-11-27T00:00:00.000Z,0,0.7547670503457388
2021-11-30T00:00:00.000Z,0,0.7489157517751058
2021-12-02T00:00:00.000Z,0,0.7421253472566605
2021-12-05T00:00:00.000Z,0,0.7362740437189738
2021-12-07T00:00:00.000Z,0,0.7294836640357971
2021-12-10T00:00:00.000Z,0,0.7236323604981104
2021-12-12T00:00:00.000Z,0,0.7168419559796652
2021-12-15T00:00:00.000Z,0,0.7109906623760859
2021-12-17T00:00:00.000Z,0,0.7035824557145437
2021-12-20T00:00:00.000Z,0,0.6992756724357605
2021-12-22T00:00:00.000Z,0,0.6990751773118973
2021-12-25T00:00:00.000Z,0,0.7024909307559332
2021-12-27T00:00:00.000Z,0,0.705379456281662
2021-12-30T00:00:00.000Z,0,0.7078684816757838
2022-01-01T00:00:00.000Z,0,0.7107570072015127
2022-01-04T00:00:00.000Z,0,0.714787170290947
2022-01-06T00:00:00.000Z,0,0.712538609902064
2022-01-09T00:00:00.000Z,0,0.7037260830402374
2022-01-11T00:00:00.000Z,0,0.6894909789164861
2022-01-14T00:00:00.000Z,0,0.6781099041302999
2022-01-16T00:00:00.000Z,0,0.6649022251367569
2022-01-19T00:00:00.000Z,0,0.6517017086346945
2022-01-21T00:00:00.000Z,0,0.644558846950531
2022-01-24T00:00:00.000Z,0,0.6465203016996384
2022-01-26T00:00:00.000Z,0,0.6535286158323288
2022-01-29T00:00:00.000Z,0,0.6585225164890289
2022-01-31T00:00:00.000Z,0,0.6643178661664327
2022-02-03T00:00:00.000Z,0,0.669620618224144
2022-02-05T00:00:00.000Z,0,0.6743863870700201
2022-02-08T00:00:00.000Z,0,0.6771151572465897
2022-02-10T00:00:00.000Z,0,0.6794785410165787
2022-02-13T00:00:00.000Z,0,0.681692510843277
2022-02-15T00:00:00.000Z,0,0.6842618137598038
2022-02-18T00:00:00.000Z,0,0.6864757935206095
2022-02-20T00:00:00.000Z,0,0.6890450964371363
2022-02-23T00:00:00.000Z,0,0.6912590662638346
2022-02-25T00:00:00.000Z,0,0.6945374955733618
2022-02-28T00:00:00.000Z,0,0.6949786345163981
2022-03-02T00:00:00.000Z,0,0.6899838745594025
2022-03-05T00:00:00.000Z,0,0.684694916009903
2022-03-07T00:00:00.000Z,0,0.6632993966341019
2022-03-10T00:00:00.000Z,0,0.639234185218811
2022-03-12T00:00:00.000Z,0,0.6207045068343481
2022-03-15T00:00:00.000Z,0,0.6193824112415314
2022-03-17T00:00:00.000Z,0,0.6181541631619135
2022-03-20T00:00:00.000Z,0,0.5926304360230764
2022-03-22T00:00:00.000Z,0,0.5493965148925781
2022-03-25T00:00:00.000Z,0,0.5423688143491745
2022-03-27T00:00:00.000Z,0,0.5757810523112615
2022-03-30T00:00:00.000Z,0,0.6024782856305441
2022-04-01T00:00:00.000Z,0,0.6034944802522659
2022-04-04T00:00:00.000Z,0,0.6086512605349222
2022-04-06T00:00:00.000Z,0,0.614635686079661
2022-04-09T00:00:00.000Z,0,0.6197924663623174
2022-04-11T00:00:00.000Z,0,0.6257769117752711
2022-04-14T00:00:00.000Z,0,0.6305517057577769
2022-04-16T00:00:00.000Z,0,0.6378730883200964
2022-04-21T00:00:00.000Z,0,0.6461494018634161
2022-04-24T00:00:00.000Z,0,0.6541465073823929
2022-04-26T00:00:00.000Z,0,0.6583665609359741
2022-04-29T00:00:00.000Z,0,0.6609022865692774
2022-05-01T00:00:00.000Z,0,0.6617994656165441
2022-05-04T00:00:00.000Z,0,0.6665292282899221
2022-05-06T00:00:00.000Z,0,0.6811555375655493
2022-05-09T00:00:00.000Z,0,0.698654055595398
2022-05-11T00:00:00.000Z,0,0.7133532265822092
2022-05-14T00:00:00.000Z,0,0.7232779264450073
2022-05-16T00:00:00.000Z,0,0.7356022348006567
2022-05-19T00:00:00.000Z,0,0.7462721665700277
2022-05-21T00:00:00.000Z,0,0.7587701678276062
2022-05-24T00:00:00.000Z,0,0.769626205166181
2022-05-26T00:00:00.000Z,0,0.7821986426909765
2022-05-29T00:00:00.000Z,0,0.7930323481559753
2022-05-31T00:00:00.000Z,0,0.8083006491263708
2022-06-03T00:00:00.000Z,0,0.8094474623600642
2022-06-05T00:00:00.000Z,0,0.8030880838632584
2022-06-08T00:00:00.000Z,0,0.7957158883412679
2022-06-10T00:00:00.000Z,0,0.7974567810694376
2022-06-13T00:00:00.000Z,0,0.7898608793814977
2022-06-15T00:00:00.000Z,0,0.787191852927208
2022-06-18T00:00:00.000Z,0,0.7796074797709783
2022-06-20T00:00:00.000Z,0,0.7557883461316427
2022-06-23T00:00:00.000Z,0,0.6957675317923228
2022-06-25T00:00:00.000Z,0,0.6134784122308096
2022-06-28T00:00:00.000Z,0,0.5597174117962519
2022-06-30T00:00:00.000Z,0,0.5668160070975622
2022-07-03T00:00:00.000Z,0,0.6028682986895243
2022-07-05T00:00:00.000Z,0,0.6238813350598017
2022-07-08T00:00:00.000Z,0,0.6346554209788641
2022-07-10T00:00:00.000Z,0,0.6493562608957291
2022-07-13T00:00:00.000Z,0,0.6620240112145742
2022-07-15T00:00:00.000Z,0,0.6767248511314392
2022-07-18T00:00:00.000Z,0,0.6905475854873657
2022-07-20T00:00:00.000Z,0,0.7013984819253286
2022-07-23T00:00:00.000Z,0,0.7055963377157847
2022-07-25T00:00:00.000Z,0,0.7074640095233917
2022-07-28T00:00:00.000Z,0,0.705368772149086
2022-07-30T00:00:00.000Z,0,0.7328407466411591
2022-08-02T00:00:00.000Z,0,0.7306076188882192
2022-08-04T00:00:00.000Z,0,0.7128438999255499
2022-08-07T00:00:00.000Z,0,0.6522881189982096
2022-08-09T00:00:00.000Z,0,0.6790384401877722
2022-08-12T00:00:00.000Z,0,0.69459068775177
2022-08-14T00:00:00.000Z,0,0.714611808458964
2022-08-17T00:00:00.000Z,0,0.6963803668816885
2022-08-19T00:00:00.000Z,0,0.7199912667274475
2022-08-22T00:00:00.000Z,0,0.7349437872568766
2022-08-24T00:00:00.000Z,0,0.7522960851589838
2022-08-27T00:00:00.000Z,0,0.7672486205895742
2022-08-29T00:00:00.000Z,0,0.7869560122489929
2022-09-01T00:00:00.000Z,0,0.7936314195394516
2022-09-03T00:00:00.000Z,0,0.7938273747762045
2022-09-06T00:00:00.000Z,0,0.7909756998221079
2022-09-08T00:00:00.000Z,0,0.7982568740844727
2022-09-11T00:00:00.000Z,0,0.8022287090619405
2022-09-13T00:00:00.000Z,0,0.804690346121788
2022-09-16T00:00:00.000Z,0,0.806452656785647
2022-09-18T00:00:00.000Z,0,0.8033728847901026
2022-09-21T00:00:00.000Z,0,0.7951536029577255
2022-09-23T00:00:00.000Z,0,0.782370482881864
2022-09-26T00:00:00.000Z,0,0.7720719277858734
2022-09-28T00:00:00.000Z,0,0.7601205259561539
2022-10-01T00:00:00.000Z,0,0.7442856232325236
2022-10-03T00:00:00.000Z,0,0.7529196987549464
2022-10-06T00:00:00.000Z,0,0.7799825519323349
2022-10-08T00:00:00.000Z,0,0.7987320522467295
2022-10-11T00:00:00.000Z,0,0.7937738945086797
2022-10-13T00:00:00.000Z,0,0.7955016444126765
2022-10-16T00:00:00.000Z,0,0.8029707471529642
2022-10-18T00:00:00.000Z,0,0.8057114481925964
2022-10-21T00:00:00.000Z,0,0.8050972570975622
2022-10-23T00:00:00.000Z,0,0.8052763243516287
2022-10-26T00:00:00.000Z,0,0.8054306358098984
2022-10-28T00:00:00.000Z,0,0.8056097030639648
2022-10-31T00:00:00.000Z,0,0.8057640244563421
2022-11-02T00:00:00.000Z,0,0.8073091010252634
2022-11-05T00:00:00.000Z,0,0.8025582979122797
2022-11-10T00:00:00.000Z,0,0.7935848385095596
2022-11-12T00:00:00.000Z,0,0.7823697477579117
2022-11-15T00:00:00.000Z,0,0.7755967825651169
2022-11-17T00:00:00.000Z,0,0.7671080281337103
2022-11-20T00:00:00.000Z,0,0.7597932269175848
2022-11-22T00:00:00.000Z,0,0.7513044625520706
2022-11-25T00:00:00.000Z,0,0.7434010704358419
2022-11-27T00:00:00.000Z,0,0.7368742972612381
2022-11-30T00:00:00.000Z,0,0.7338758955399195
2022-12-02T00:00:00.000Z,0,0.7319271018107733
2022-12-05T00:00:00.000Z,0,0.7299097081025442
2022-12-07T00:00:00.000Z,0,0.7277926703294119
2022-12-10T00:00:00.000Z,0,0.7248039195934931
2022-12-15T00:00:00.000Z,0,0.7215661257505417
2022-12-17T00:00:00.000Z,0,0.71870190401872
2022-12-20T00:00:00.000Z,0,0.7168339391549429
2022-12-22T00:00:00.000Z,0,0.7144927382469177
2022-12-25T00:00:00.000Z,0,0.7124753544727961
2022-12-27T00:00:00.000Z,0,0.7101341585318247
2022-12-30T00:00:00.000Z,0,0.7081167648235956
2023-01-01T00:00:00.000Z,0,0.705775573849678
2023-01-04T00:00:00.000Z,0,0.7037581950426102
2023-01-06T00:00:00.000Z,0,0.7014169792334238
2023-01-09T00:00:00.000Z,0,0.6993995904922485
2023-01-11T00:00:00.000Z,0,0.6970583846171697
2023-01-14T00:00:00.000Z,0,0.695068339506785
2023-01-16T00:00:00.000Z,0,0.6926360229651133
2023-01-19T00:00:00.000Z,0,0.6904181241989136
2023-01-21T00:00:00.000Z,0,0.6877731631199518
2023-01-24T00:00:00.000Z,0,0.68550972143809
2023-01-26T00:00:00.000Z,0,0.6828829844792684
2023-01-29T00:00:00.000Z,0,0.6806195278962454
2023-01-31T00:00:00.000Z,0,0.6779927909374237
2023-02-03T00:00:00.000Z,0,0.6757293492555618
2023-02-05T00:00:00.000Z,0,0.6729416499535242
2023-02-08T00:00:00.000Z,0,0.6710805942614874
2023-02-10T00:00:00.000Z,0,0.6701707988977432
2023-02-13T00:00:00.000Z,0,0.6703217724959055
2023-02-15T00:00:00.000Z,0,0.6702167590459188
2023-02-18T00:00:00.000Z,0,0.6701262891292572
2023-02-20T00:00:00.000Z,0,0.6700212707122167
2023-02-23T00:00:00.000Z,0,0.6699308057626089
2023-02-25T00:00:00.000Z,0,0.7219430605570475
2023-02-28T00:00:00.000Z,0,0.4975726678967476
2023-03-02T00:00:00.000Z,0,0.2548396574954192
2023-03-05T00:00:00.000Z,0,0.16910024670263132
2023-03-07T00:00:00.000Z,0,0.3738783895969391
2023-03-10T00:00:00.000Z,0,0.4656819800535838
2023-03-12T00:00:00.000Z,0,0.5598201155662537
2023-03-15T00:00:00.000Z,0,0.6264759649833044
2023-03-17T00:00:00.000Z,0,0.6612992535034815
2023-03-20T00:00:00.000Z,0,0.6594939877589544
2023-03-22T00:00:00.000Z,0,0.6633962591489156
2023-03-25T00:00:00.000Z,0,0.6846062789360682
2023-03-27T00:00:00.000Z,0,0.7099068015813828
2023-03-30T00:00:00.000Z,0,0.7256696174542109
2023-04-01T00:00:00.000Z,0,0.7223089436690012
2023-04-04T00:00:00.000Z,0,0.7224919696648916
2023-04-06T00:00:00.000Z,0,0.724250465631485
2023-04-09T00:00:00.000Z,0,0.727300559480985
2023-04-11T00:00:00.000Z,0,0.7317349861065546
2023-04-14T00:00:00.000Z,0,0.7353584915399551
2023-04-16T00:00:00.000Z,0,0.7395635644594828
2023-04-19T00:00:00.000Z,0,0.7422668437163035
2023-04-21T00:00:00.000Z,0,0.749539295832316
2023-04-24T00:00:00.000Z,0,0.7600878576437632
2023-04-26T00:00:00.000Z,0,0.7775899668534597
2023-04-29T00:00:00.000Z,0,0.7729570716619492
2023-05-01T00:00:00.000Z,0,0.7660403549671173
2023-05-04T00:00:00.000Z,0,0.7660673161347707
2023-05-06T00:00:00.000Z,0,0.7918465236822764
2023-05-09T00:00:00.000Z,0,0.7958170175552368
2023-05-11T00:00:00.000Z,0,0.785682757695516
2023-05-14T00:00:00.000Z,0,0.7666659702857336
2023-05-16T00:00:00.000Z,0,0.7688439587752024
2023-05-19T00:00:00.000Z,0,0.7809542616208395
2023-05-21T00:00:00.000Z,0,0.7955906639496485
2023-05-24T00:00:00.000Z,0,0.8012691537539164
2023-05-26T00:00:00.000Z,0,0.8050499111413956
2023-05-29T00:00:00.000Z,0,0.8075580795605978
2023-05-31T00:00:00.000Z,0,0.810294046998024
2023-06-03T00:00:00.000Z,0,0.7939970642328262
2023-06-05T00:00:00.000Z,0,0.7774678071339926
2023-06-08T00:00:00.000Z,0,0.7544222970803579
2023-06-10T00:00:00.000Z,0,0.7517958581447601
2023-06-13T00:00:00.000Z,0,0.7394165694713593
2023-06-15T00:00:00.000Z,0,0.7246435880661011
2023-06-18T00:00:00.000Z,0,0.7020838359991709
2023-06-20T00:00:00.000Z,0,0.6947783678770065
2023-06-23T00:00:00.000Z,0,0.6929458528757095
2023-06-25T00:00:00.000Z,0,0.6891223738590876
2023-06-28T00:00:00.000Z,0,0.6858276724815369
2023-06-30T00:00:00.000Z,0,0.6820041934649149
2023-07-03T00:00:00.000Z,0,0.6766227533419927
2023-07-05T00:00:00.000Z,0,0.681465079387029
2023-07-08T00:00:00.000Z,0,0.6891983250776926
2023-07-10T00:00:00.000Z,0,0.6903213113546371
2023-07-13T00:00:00.000Z,0,0.6783620715141296
2023-07-15T00:00:00.000Z,0,0.6755300362904867
2023-07-18T00:00:00.000Z,0,0.6811006863911947
2023-07-20T00:00:00.000Z,0,0.6922359218200048
2023-07-23T00:00:00.000Z,0,0.7007995595534643
2023-07-25T00:00:00.000Z,0,0.7107376009225845
2023-07-28T00:00:00.000Z,0,0.7193012485901514
2023-07-30T00:00:00.000Z,0,0.7292392949263254
2023-08-02T00:00:00.000Z,0,0.7378029525279999
2023-08-04T00:00:00.000Z,0,0.7477409938971201
2023-08-07T00:00:00.000Z,0,0.7563046316305796
2023-08-09T00:00:00.000Z,0,0.7742664565642675
2023-08-12T00:00:00.000Z,0,0.7627706279357275
2023-08-14T00:00:00.000Z,0,0.687121624747912
2023-08-17T00:00:00.000Z,0,0.5621383339166641
2023-08-19T00:00:00.000Z,0,0.4903375382224719
2023-08-22T00:00:00.000Z,0,0.48767028003931046
2023-08-24T00:00:00.000Z,0,0.5172510246435801
2023-08-27T00:00:00.000Z,0,0.5335462316870689
2023-08-29T00:00:00.000Z,0,0.5520094186067581
2023-09-01T00:00:00.000Z,0,0.5664614786704382
2023-09-03T00:00:00.000Z,0,0.5788665960232416
2023-09-06T00:00:00.000Z,0,0.5910920103391012
2023-09-08T00:00:00.000Z,0,0.5956474443276724
2023-09-11T00:00:00.000Z,0,0.599083830912908
2023-09-13T00:00:00.000Z,0,0.6153301199277242
2023-09-16T00:00:00.000Z,0,0.6432402431964874
2023-09-18T00:00:00.000Z,0,0.6672586798667908
2023-09-21T00:00:00.000Z,0,0.680368036031723
2023-09-23T00:00:00.000Z,0,0.6902139087518057
2023-09-26T00:00:00.000Z,0,0.6942123025655746
2023-09-28T00:00:00.000Z,0,0.7015377034743627
2023-10-01T00:00:00.000Z,0,0.7076544066270193
2023-10-03T00:00:00.000Z,0,0.714752788345019
2023-10-06T00:00:00.000Z,0,0.7208694865306219
2023-10-08T00:00:00.000Z,0,0.7279678632815679
2023-10-11T00:00:00.000Z,0,0.734084556500117
2023-10-13T00:00:00.000Z,0,0.7411829382181168
2023-10-16T00:00:00.000Z,0,0.7472996314366659
2023-10-18T00:00:00.000Z,0,0.7543980081876119
2023-10-21T00:00:00.000Z,0,0.7612607479095459
2023-10-23T00:00:00.000Z,0,0.7658723344405493
2023-10-26T00:00:00.000Z,0,0.7665180911620458
2023-10-28T00:00:00.000Z,0,0.765327180425326
2023-10-31T00:00:00.000Z,0,0.7647295345862707
2023-11-02T00:00:00.000Z,0,0.7640359699726105
2023-11-05T00:00:00.000Z,0,0.76343834400177
2023-11-07T00:00:00.000Z,0,0.7627447793881098
2023-11-10T00:00:00.000Z,0,0.7621471484502157
2023-11-12T00:00:00.000Z,0,0.7614535838365555
2023-11-15T00:00:00.000Z,0,0.760855957865715
2023-11-17T00:00:00.000Z,0,0.7601623932520548
2023-11-20T00:00:00.000Z,0,0.7595647474129995
2023-11-22T00:00:00.000Z,0,0.759367768963178
2023-11-25T00:00:00.000Z,0,0.7575286825497946
2023-11-27T00:00:00.000Z,0,0.7515382617712021
2023-11-30T00:00:00.000Z,0,0.7434919476509094
2023-12-02T00:00:00.000Z,0,0.7350186407566071
2023-12-05T00:00:00.000Z,0,0.7277171760797501
2023-12-07T00:00:00.000Z,0,0.7192438642183939
2023-12-10T00:00:00.000Z,0,0.7119424045085907
2023-12-12T00:00:00.000Z,0,0.7034691025813421
2023-12-15T00:00:00.000Z,0,0.6961676528056463
2023-12-17T00:00:00.000Z,0,0.6876943359772364
2023-12-20T00:00:00.000Z,0,0.6803928663333257
2023-12-22T00:00:00.000Z,0,0.6712019542853037
2023-12-25T00:00:00.000Z,0,0.6656945248444875
2023-12-27T00:00:00.000Z,0,0.664875735839208
2023-12-30T00:00:00.000Z,0,0.6683384329080582
2024-01-01T00:00:00.000Z,0,0.6711076945066452
2024-01-04T00:00:00.000Z,0,0.6734939863284429
2024-01-06T00:00:00.000Z,0,0.67626324792703
2024-01-09T00:00:00.000Z,0,0.6786495447158813
2024-01-11T00:00:00.000Z,0,0.6814188063144684
2024-01-14T00:00:00.000Z,0,0.6838050882021586
2024-01-16T00:00:00.000Z,0,0.6865743547677994
2024-01-19T00:00:00.000Z,0,0.6889606416225433
2024-01-21T00:00:00.000Z,0,0.6917299032211304
2024-01-24T00:00:00.000Z,0,0.6941161851088206
2024-01-26T00:00:00.000Z,0,0.701411505540212
2024-01-29T00:00:00.000Z,0,0.6839338590701421
2024-01-31T00:00:00.000Z,0,0.6669212132692337
2024-02-03T00:00:00.000Z,0,0.6641078939040502
2024-02-05T00:00:00.000Z,0,0.695417195558548
2024-02-08T00:00:00.000Z,0,0.702487071355184
2024-02-10T00:00:00.000Z,0,0.6718372702598572
2024-02-13T00:00:00.000Z,0,0.6336588064829508
2024-02-15T00:00:00.000Z,0,0.6297997037569681
2024-02-18T00:00:00.000Z,0,0.6509190797805786
2024-02-20T00:00:00.000Z,0,0.6681021700302759
2024-02-23T00:00:00.000Z,0,0.6829088777303696
2024-02-25T00:00:00.000Z,0,0.7000919779141744
2024-02-28T00:00:00.000Z,0,0.7148986955483755
2024-03-01T00:00:00.000Z,0,0.73261825243632
2024-03-04T00:00:00.000Z,0,0.7460838009913763
2024-03-06T00:00:00.000Z,0,0.7586137056350708
2024-03-09T00:00:00.000Z,0,0.7627007017532984
2024-03-11T00:00:00.000Z,0,0.7600755244493484
2024-03-14T00:00:00.000Z,0,0.7516035536924998
2024-03-16T00:00:00.000Z,0,0.7436329027016958
2024-03-19T00:00:00.000Z,0,0.7367645700772604
2024-03-21T00:00:00.000Z,0,0.7287939389546713
2024-03-24T00:00:00.000Z,0,0.7219256013631821
2024-03-26T00:00:00.000Z,0,0.713954950372378
2024-03-29T00:00:00.000Z,0,0.7070866276820501
2024-03-31T00:00:00.000Z,0,0.694819321235021
2024-04-03T00:00:00.000Z,0,0.6986926347017288
2024-04-05T00:00:00.000Z,0,0.7393894890944163
2024-04-08T00:00:00.000Z,0,0.7898799329996109
2024-04-10T00:00:00.000Z,0,0.8189681569735209
2024-04-13T00:00:00.000Z,0,0.8275579909483591
2024-04-15T00:00:00.000Z,0,0.8443745325009028
2024-04-18T00:00:00.000Z,0,0.852442612250646
2024-04-20T00:00:00.000Z,0,0.8469691971937815
2024-04-23T00:00:00.000Z,0,0.8311551560958227
2024-04-25T00:00:00.000Z,0,0.8161288499832153
2024-04-28T00:00:00.000Z,0,0.7984088659286499
2024-04-30T00:00:00.000Z,0,0.8008876442909241
2024-05-03T00:00:00.000Z,0,0.8189352005720139
2024-05-05T00:00:00.000Z,0,0.8421603093544642
2024-05-08T00:00:00.000Z,0,0.839405412475268
2024-05-10T00:00:00.000Z,0,0.837030162413915
2024-05-13T00:00:00.000Z,0,0.826462040344874
2024-05-15T00:00:00.000Z,0,
2024-05-18T00:00:00.000Z,0,
2024-05-20T00:00:00.000Z,0,
2024-05-23T00:00:00.000Z,0,
2024-05-25T00:00:00.000Z,0,
2024-05-28T00:00:00.000Z,0,
2024-05-30T00:00:00.000Z,0,
