date,feature_index,band_unnamed
2015-09-08T00:00:00.000Z,0,
2015-12-27T00:00:00.000Z,0,
2016-02-15T00:00:00.000Z,0,
2016-06-21T00:00:00.000Z,0,
2016-08-30T00:00:00.000Z,0,
2016-12-01T00:00:00.000Z,0,
2017-04-12T00:00:00.000Z,0,
2017-04-15T00:00:00.000Z,0,
2017-08-30T00:00:00.000Z,0,0.8053942173719406
2017-09-02T00:00:00.000Z,0,
2017-11-23T00:00:00.000Z,0,
2018-01-10T00:00:00.000Z,0,
2018-01-12T00:00:00.000Z,0,
2018-03-23T00:00:00.000Z,0,
2018-06-11T00:00:00.000Z,0,
2018-08-10T00:00:00.000Z,0,
2018-11-01T00:00:00.000Z,0,
2018-11-03T00:00:00.000Z,0,0.6012255079471148
2019-03-11T00:00:00.000Z,0,
2019-06-11T00:00:00.000Z,0,
2019-06-09T00:00:00.000Z,0,
2019-10-29T00:00:00.000Z,0,0.7097757493074124
2019-10-27T00:00:00.000Z,0,
2020-04-14T00:00:00.000Z,0,0.414420181199124
2020-07-03T00:00:00.000Z,0,
2020-09-13T00:00:00.000Z,0,
2020-09-11T00:00:00.000Z,0,
2020-11-15T00:00:00.000Z,0,
2020-11-17T00:00:00.000Z,0,
2020-12-07T00:00:00.000Z,0,
2020-12-05T00:00:00.000Z,0,
2021-01-14T00:00:00.000Z,0,
2021-01-16T00:00:00.000Z,0,
2021-03-25T00:00:00.000Z,0,
2021-03-22T00:00:00.000Z,0,0.35409256242788756
2021-06-08T00:00:00.000Z,0,0.5589807635316482
2021-08-14T00:00:00.000Z,0,
2021-11-22T00:00:00.000Z,0,0.6933424931306106
2022-02-23T00:00:00.000Z,0,
2022-05-14T00:00:00.000Z,0,
2023-01-29T00:00:00.000Z,0,
2023-04-24T00:00:00.000Z,0,
2023-04-21T00:00:00.000Z,0,0.38468061559475386
2023-07-25T00:00:00.000Z,0,
2023-07-23T00:00:00.000Z,0,
2023-10-21T00:00:00.000Z,0,
2023-10-18T00:00:00.000Z,0,
2024-01-31T00:00:00.000Z,0,
2024-05-30T00:00:00.000Z,0,
2019-03-01T00:00:00.000Z,0,
2019-03-03T00:00:00.000Z,0,
2020-01-27T00:00:00.000Z,0,
2020-01-30T00:00:00.000Z,0,
2020-03-12T00:00:00.000Z,0,0.45364709141162723
2020-05-04T00:00:00.000Z,0,0.5175647403185184
2020-07-05T00:00:00.000Z,0,
2020-07-08T00:00:00.000Z,0,
2020-10-31T00:00:00.000Z,0,0.652433562923122
2020-11-20T00:00:00.000Z,0,0.5186227050519758
2020-12-02T00:00:00.000Z,0,
2020-11-30T00:00:00.000Z,0,
2021-01-01T00:00:00.000Z,0,
2021-01-04T00:00:00.000Z,0,
2021-03-27T00:00:00.000Z,0,
2021-05-04T00:00:00.000Z,0,
2021-05-01T00:00:00.000Z,0,
2021-07-18T00:00:00.000Z,0,
2021-08-27T00:00:00.000Z,0,
2021-11-20T00:00:00.000Z,0,
2021-11-17T00:00:00.000Z,0,
2022-04-16T00:00:00.000Z,0,
2022-04-14T00:00:00.000Z,0,
2022-11-12T00:00:00.000Z,0,
2022-11-15T00:00:00.000Z,0,
2023-02-28T00:00:00.000Z,0,0.3788125801544923
2023-03-02T00:00:00.000Z,0,
2023-05-31T00:00:00.000Z,0,
2023-06-03T00:00:00.000Z,0,0.5598583863331721
2023-10-06T00:00:00.000Z,0,
2023-10-08T00:00:00.000Z,0,
2024-02-10T00:00:00.000Z,0,
2024-02-08T00:00:00.000Z,0,0.31884077262310756
2024-05-28T00:00:00.000Z,0,
2024-05-25T00:00:00.000Z,0,
2018-09-04T00:00:00.000Z,0,0.800763766352947
2018-09-02T00:00:00.000Z,0,
2019-05-25T00:00:00.000Z,0,
2019-05-27T00:00:00.000Z,0,
2019-08-03T00:00:00.000Z,0,0.8733357042074203
2019-07-31T00:00:00.000Z,0,
2019-11-06T00:00:00.000Z,0,
2020-01-12T00:00:00.000Z,0,
2020-03-15T00:00:00.000Z,0,
2020-03-17T00:00:00.000Z,0,
2020-06-13T00:00:00.000Z,0,0.5756244086302243
2020-07-30T00:00:00.000Z,0,
2021-09-03T00:00:00.000Z,0,
2021-11-10T00:00:00.000Z,0,0.719557658984111
2021-11-12T00:00:00.000Z,0,
2022-01-21T00:00:00.000Z,0,0.5397468341084627
2022-03-10T00:00:00.000Z,0,0.4667526363180234
2022-03-12T00:00:00.000Z,0,0.4389140290709642
2022-06-08T00:00:00.000Z,0,
2022-06-05T00:00:00.000Z,0,0.8287507375845542
2022-09-08T00:00:00.000Z,0,
2022-09-06T00:00:00.000Z,0,
2022-10-28T00:00:00.000Z,0,0.6305869542635404
2023-01-01T00:00:00.000Z,0,
2022-12-30T00:00:00.000Z,0,0.4083117194797682
2023-03-10T00:00:00.000Z,0,
2023-05-11T00:00:00.000Z,0,0.488320559836351
2023-05-14T00:00:00.000Z,0,
2023-07-28T00:00:00.000Z,0,
2023-09-23T00:00:00.000Z,0,0.6989090895652771
2023-09-21T00:00:00.000Z,0,0.7767923886959369
2023-11-30T00:00:00.000Z,0,
2023-11-27T00:00:00.000Z,0,0.30959740166480726
2024-02-18T00:00:00.000Z,0,
2024-02-15T00:00:00.000Z,0,
2024-05-13T00:00:00.000Z,0,0.8152173001032609
2024-05-15T00:00:00.000Z,0,0.7965323902093447
2020-01-25T00:00:00.000Z,0,
2020-05-24T00:00:00.000Z,0,
2020-09-08T00:00:00.000Z,0,
2020-10-28T00:00:00.000Z,0,
2020-10-26T00:00:00.000Z,0,
2020-11-07T00:00:00.000Z,0,
2020-11-27T00:00:00.000Z,0,0.5868346152397302
2020-12-17T00:00:00.000Z,0,
2021-01-19T00:00:00.000Z,0,
2021-03-05T00:00:00.000Z,0,0.3851557614711615
2021-03-02T00:00:00.000Z,0,
2021-06-10T00:00:00.000Z,0,
2021-06-13T00:00:00.000Z,0,
2021-10-31T00:00:00.000Z,0,
2021-10-28T00:00:00.000Z,0,0.6947835314841497
2022-03-02T00:00:00.000Z,0,
2022-06-10T00:00:00.000Z,0,0.8496916443109512
2017-10-27T00:00:00.000Z,0,
2018-03-08T00:00:00.000Z,0,
2018-03-06T00:00:00.000Z,0,
2018-05-30T00:00:00.000Z,0,0.4786325406569701
2018-06-01T00:00:00.000Z,0,0.5182728033799392
2018-08-03T00:00:00.000Z,0,0.8561128836411697
2018-09-17T00:00:00.000Z,0,
2018-09-14T00:00:00.000Z,0,0.8306076847589933
2018-11-11T00:00:00.000Z,0,
2018-12-18T00:00:00.000Z,0,
2018-12-16T00:00:00.000Z,0,
2019-02-14T00:00:00.000Z,0,
2019-02-16T00:00:00.000Z,0,0.5063158990098879
2019-04-12T00:00:00.000Z,0,
2019-04-10T00:00:00.000Z,0,
2019-06-26T00:00:00.000Z,0,0.8282305025137388
2019-08-20T00:00:00.000Z,0,0.8150470382892169
2019-08-23T00:00:00.000Z,0,
2019-10-14T00:00:00.000Z,0,
2019-10-12T00:00:00.000Z,0,
2019-12-06T00:00:00.000Z,0,
2019-12-08T00:00:00.000Z,0,
2020-02-16T00:00:00.000Z,0,
2020-02-19T00:00:00.000Z,0,0.3049991577863693
2020-04-26T00:00:00.000Z,0,
2020-04-24T00:00:00.000Z,0,0.42610150231764865
2020-06-15T00:00:00.000Z,0,0.5840908220181098
2020-06-18T00:00:00.000Z,0,
2020-08-17T00:00:00.000Z,0,0.870532960845874
2020-08-14T00:00:00.000Z,0,0.8353945142947711
2021-01-09T00:00:00.000Z,0,
2021-01-11T00:00:00.000Z,0,
2021-02-13T00:00:00.000Z,0,
2021-02-10T00:00:00.000Z,0,
2021-04-19T00:00:00.000Z,0,0.35321127336758834
2021-04-21T00:00:00.000Z,0,
2021-06-15T00:00:00.000Z,0,
2021-07-20T00:00:00.000Z,0,
2021-07-23T00:00:00.000Z,0,
2021-09-13T00:00:00.000Z,0,
2021-09-11T00:00:00.000Z,0,
2021-12-02T00:00:00.000Z,0,
2021-11-30T00:00:00.000Z,0,
2022-02-08T00:00:00.000Z,0,
2022-02-05T00:00:00.000Z,0,0.5381188272283628
2022-04-21T00:00:00.000Z,0,
2022-05-29T00:00:00.000Z,0,
2022-05-31T00:00:00.000Z,0,
2022-08-17T00:00:00.000Z,0,
2022-08-19T00:00:00.000Z,0,
2022-09-21T00:00:00.000Z,0,
2022-09-23T00:00:00.000Z,0,
2022-10-31T00:00:00.000Z,0,
2022-11-02T00:00:00.000Z,0,
2022-12-10T00:00:00.000Z,0,
2023-01-26T00:00:00.000Z,0,
2023-01-24T00:00:00.000Z,0,
2023-03-25T00:00:00.000Z,0,0.37168560119775623
2023-03-27T00:00:00.000Z,0,0.3581115391391974
2023-05-21T00:00:00.000Z,0,
2023-05-19T00:00:00.000Z,0,
2023-07-18T00:00:00.000Z,0,
2023-07-20T00:00:00.000Z,0,0.8632682917209772
2023-09-13T00:00:00.000Z,0,
2023-10-23T00:00:00.000Z,0,0.8091259312171203
2023-11-17T00:00:00.000Z,0,
2023-11-15T00:00:00.000Z,0,
2024-01-06T00:00:00.000Z,0,
2024-01-09T00:00:00.000Z,0,
2024-02-28T00:00:00.000Z,0,
2024-03-01T00:00:00.000Z,0,
2024-05-03T00:00:00.000Z,0,0.7224352256609843
2015-08-06T00:00:00.000Z,0,0.8693020504254562
2015-11-14T00:00:00.000Z,0,
2015-12-24T00:00:00.000Z,0,
2016-04-02T00:00:00.000Z,0,
2016-05-15T00:00:00.000Z,0,
2016-07-31T00:00:00.000Z,0,
2016-10-12T00:00:00.000Z,0,
2016-12-21T00:00:00.000Z,0,
2017-02-19T00:00:00.000Z,0,
2017-04-20T00:00:00.000Z,0,
2017-04-22T00:00:00.000Z,0,
2017-06-26T00:00:00.000Z,0,
2017-06-24T00:00:00.000Z,0,
2017-09-04T00:00:00.000Z,0,0.8354282619861456
2017-10-17T00:00:00.000Z,0,
2017-10-19T00:00:00.000Z,0,0.6113387426504722
2018-01-22T00:00:00.000Z,0,
2018-03-28T00:00:00.000Z,0,
2018-03-26T00:00:00.000Z,0,
2018-07-19T00:00:00.000Z,0,
2018-07-16T00:00:00.000Z,0,
2018-10-17T00:00:00.000Z,0,0.5133390185924677
2018-10-19T00:00:00.000Z,0,
2019-01-10T00:00:00.000Z,0,
2019-03-23T00:00:00.000Z,0,
2019-03-21T00:00:00.000Z,0,
2019-07-09T00:00:00.000Z,0,0.5495563660349164
2019-09-22T00:00:00.000Z,0,0.828641400887416
2019-09-24T00:00:00.000Z,0,
2020-01-02T00:00:00.000Z,0,0.369101545558526
2019-12-31T00:00:00.000Z,0,0.40659538083351576
2020-05-11T00:00:00.000Z,0,
2020-08-24T00:00:00.000Z,0,
2020-08-22T00:00:00.000Z,0,
2021-04-04T00:00:00.000Z,0,
2021-04-06T00:00:00.000Z,0,
2021-08-12T00:00:00.000Z,0,
2021-08-09T00:00:00.000Z,0,
2021-10-21T00:00:00.000Z,0,
2021-10-23T00:00:00.000Z,0,0.7320666347558682
2022-01-16T00:00:00.000Z,0,
2022-01-19T00:00:00.000Z,0,
2022-04-26T00:00:00.000Z,0,0.48042637969438845
2022-04-29T00:00:00.000Z,0,
2023-01-09T00:00:00.000Z,0,
2023-03-15T00:00:00.000Z,0,
2023-03-12T00:00:00.000Z,0,0.279160561469885
2023-08-02T00:00:00.000Z,0,
2023-07-30T00:00:00.000Z,0,
2023-12-02T00:00:00.000Z,0,
2024-03-09T00:00:00.000Z,0,0.4644393789080473
2024-03-06T00:00:00.000Z,0,
2018-10-04T00:00:00.000Z,0,
2018-10-07T00:00:00.000Z,0,
2019-05-30T00:00:00.000Z,0,
2019-08-05T00:00:00.000Z,0,
2019-11-11T00:00:00.000Z,0,
2019-11-08T00:00:00.000Z,0,
2020-02-11T00:00:00.000Z,0,
2020-02-09T00:00:00.000Z,0,
2020-03-05T00:00:00.000Z,0,
2020-05-14T00:00:00.000Z,0,
2020-05-16T00:00:00.000Z,0,
2020-08-02T00:00:00.000Z,0,
2020-08-04T00:00:00.000Z,0,0.881434848675361
2021-03-07T00:00:00.000Z,0,
2021-04-24T00:00:00.000Z,0,
2021-04-26T00:00:00.000Z,0,
2021-07-10T00:00:00.000Z,0,
2021-07-08T00:00:00.000Z,0,
2021-09-23T00:00:00.000Z,0,
2021-12-10T00:00:00.000Z,0,
2021-12-07T00:00:00.000Z,0,
2022-04-04T00:00:00.000Z,0,
2022-05-21T00:00:00.000Z,0,
2023-07-15T00:00:00.000Z,0,0.8499294519424438
2023-09-03T00:00:00.000Z,0,
2023-09-01T00:00:00.000Z,0,
2024-01-21T00:00:00.000Z,0,
2024-01-19T00:00:00.000Z,0,
2024-04-20T00:00:00.000Z,0,
2016-06-14T00:00:00.000Z,0,
2016-12-31T00:00:00.000Z,0,
2017-03-18T00:00:00.000Z,0,
2017-05-10T00:00:00.000Z,0,
2017-05-12T00:00:00.000Z,0,
2017-07-29T00:00:00.000Z,0,
2017-07-31T00:00:00.000Z,0,0.8907576558681635
2017-10-14T00:00:00.000Z,0,
2017-12-21T00:00:00.000Z,0,
2017-12-23T00:00:00.000Z,0,
2018-02-21T00:00:00.000Z,0,
2018-02-19T00:00:00.000Z,0,0.5031129767497381
2018-04-27T00:00:00.000Z,0,
2018-04-30T00:00:00.000Z,0,
2018-06-19T00:00:00.000Z,0,
2018-06-21T00:00:00.000Z,0,
2018-09-12T00:00:00.000Z,0,
2018-12-03T00:00:00.000Z,0,
2018-12-06T00:00:00.000Z,0,
2019-02-26T00:00:00.000Z,0,
2019-04-07T00:00:00.000Z,0,0.5276481027786548
2019-06-21T00:00:00.000Z,0,0.7686753392219543
2019-06-24T00:00:00.000Z,0,
2019-08-25T00:00:00.000Z,0,0.8246736182616308
2019-11-01T00:00:00.000Z,0,
2019-11-03T00:00:00.000Z,0,
2020-01-05T00:00:00.000Z,0,
2020-05-29T00:00:00.000Z,0,0.710268537585552
2020-05-26T00:00:00.000Z,0,
2020-08-07T00:00:00.000Z,0,0.8787108155397269
2020-08-09T00:00:00.000Z,0,
2020-11-12T00:00:00.000Z,0,
2020-11-10T00:00:00.000Z,0,
2020-11-22T00:00:00.000Z,0,
2020-11-25T00:00:00.000Z,0,
2020-12-12T00:00:00.000Z,0,
2020-12-15T00:00:00.000Z,0,
2021-01-21T00:00:00.000Z,0,
2021-01-24T00:00:00.000Z,0,
2021-02-25T00:00:00.000Z,0,0.3426101219195586
2021-02-23T00:00:00.000Z,0,
2021-05-16T00:00:00.000Z,0,
2021-05-14T00:00:00.000Z,0,
2021-07-25T00:00:00.000Z,0,
2021-09-18T00:00:00.000Z,0,
2021-09-21T00:00:00.000Z,0,
2021-12-30T00:00:00.000Z,0,
2021-12-27T00:00:00.000Z,0,
2022-03-30T00:00:00.000Z,0,
2022-04-01T00:00:00.000Z,0,
2022-06-23T00:00:00.000Z,0,0.6211928392832096
2022-10-23T00:00:00.000Z,0,
2022-10-26T00:00:00.000Z,0,
2023-01-04T00:00:00.000Z,0,
2023-01-06T00:00:00.000Z,0,
2023-02-25T00:00:00.000Z,0,
2023-04-26T00:00:00.000Z,0,0.42008839776882756
2023-06-18T00:00:00.000Z,0,0.5013473337888718
2023-08-07T00:00:00.000Z,0,
2023-08-09T00:00:00.000Z,0,
2023-11-22T00:00:00.000Z,0,
2023-11-20T00:00:00.000Z,0,
2024-03-14T00:00:00.000Z,0,
2024-03-16T00:00:00.000Z,0,
2024-05-10T00:00:00.000Z,0,0.754203696663563
2015-08-16T00:00:00.000Z,0,
2015-09-15T00:00:00.000Z,0,
2015-12-07T00:00:00.000Z,0,
2016-01-13T00:00:00.000Z,0,
2016-02-02T00:00:00.000Z,0,
2016-03-23T00:00:00.000Z,0,
2016-04-25T00:00:00.000Z,0,
2016-05-25T00:00:00.000Z,0,0.7932098186933078
2016-07-01T00:00:00.000Z,0,
2016-07-21T00:00:00.000Z,0,
2016-08-13T00:00:00.000Z,0,
2016-09-22T00:00:00.000Z,0,
2016-10-22T00:00:00.000Z,0,
2016-11-18T00:00:00.000Z,0,
2017-01-10T00:00:00.000Z,0,0.4692328159625714
2017-02-26T00:00:00.000Z,0,
2017-03-31T00:00:00.000Z,0,
2017-04-02T00:00:00.000Z,0,
2017-05-07T00:00:00.000Z,0,0.6178987163763779
2017-06-09T00:00:00.000Z,0,
2017-07-11T00:00:00.000Z,0,
2017-07-09T00:00:00.000Z,0,0.8857031155091065
2017-08-20T00:00:00.000Z,0,0.8799202430706757
2017-08-18T00:00:00.000Z,0,
2017-10-02T00:00:00.000Z,0,
2017-10-04T00:00:00.000Z,0,
2017-11-08T00:00:00.000Z,0,
2017-11-06T00:00:00.000Z,0,0.6123137055681303
2017-12-13T00:00:00.000Z,0,0.5230404900816771
2018-01-15T00:00:00.000Z,0,
2018-02-04T00:00:00.000Z,0,
2018-03-03T00:00:00.000Z,0,
2018-04-05T00:00:00.000Z,0,
2018-05-05T00:00:00.000Z,0,0.5992291248761691
2018-05-07T00:00:00.000Z,0,0.6014097504890882
2018-07-01T00:00:00.000Z,0,
2018-07-29T00:00:00.000Z,0,
2018-07-31T00:00:00.000Z,0,0.8553096308157995
2018-09-19T00:00:00.000Z,0,0.8057586470475564
2018-10-24T00:00:00.000Z,0,0.5512520899163916
2018-10-27T00:00:00.000Z,0,
2018-12-21T00:00:00.000Z,0,
2019-01-30T00:00:00.000Z,0,
2019-02-21T00:00:00.000Z,0,
2019-02-24T00:00:00.000Z,0,0.49918029457330704
2019-04-17T00:00:00.000Z,0,0.5462513015820429
2019-04-15T00:00:00.000Z,0,0.5446979000287897
2019-06-14T00:00:00.000Z,0,0.7705579950259283
2019-06-16T00:00:00.000Z,0,0.7758832826064184
2019-09-02T00:00:00.000Z,0,
2019-09-04T00:00:00.000Z,0,
2019-10-22T00:00:00.000Z,0,0.5846358935038248
2019-10-19T00:00:00.000Z,0,0.645173664186515
2019-11-23T00:00:00.000Z,0,
2019-11-21T00:00:00.000Z,0,
2020-02-06T00:00:00.000Z,0,
2020-02-04T00:00:00.000Z,0,
2020-02-24T00:00:00.000Z,0,
2020-02-26T00:00:00.000Z,0,
2020-05-06T00:00:00.000Z,0,0.5063802227377892
2020-05-09T00:00:00.000Z,0,
2020-06-30T00:00:00.000Z,0,
2020-06-28T00:00:00.000Z,0,
2020-09-01T00:00:00.000Z,0,
2021-01-29T00:00:00.000Z,0,
2021-01-31T00:00:00.000Z,0,
2021-02-28T00:00:00.000Z,0,
2021-04-11T00:00:00.000Z,0,
2021-04-14T00:00:00.000Z,0,0.3509796221668904
2021-05-19T00:00:00.000Z,0,
2021-06-30T00:00:00.000Z,0,
2021-07-03T00:00:00.000Z,0,
2021-08-19T00:00:00.000Z,0,
2021-08-17T00:00:00.000Z,0,
2021-10-06T00:00:00.000Z,0,0.724596938261619
2021-11-15T00:00:00.000Z,0,
2021-12-25T00:00:00.000Z,0,0.24037763515585348
2022-01-29T00:00:00.000Z,0,
2022-01-31T00:00:00.000Z,0,
2022-04-11T00:00:00.000Z,0,0.3919353832801183
2022-05-26T00:00:00.000Z,0,
2022-05-24T00:00:00.000Z,0,
2022-07-28T00:00:00.000Z,0,
2022-07-30T00:00:00.000Z,0,
2022-08-14T00:00:00.000Z,0,
2022-08-12T00:00:00.000Z,0,0.8821253914099473
2022-09-03T00:00:00.000Z,0,
2022-09-01T00:00:00.000Z,0,
2022-10-13T00:00:00.000Z,0,
2022-10-11T00:00:00.000Z,0,0.7821598912660892
2022-11-17T00:00:00.000Z,0,
2022-12-25T00:00:00.000Z,0,
2022-12-22T00:00:00.000Z,0,
2023-02-18T00:00:00.000Z,0,
2023-04-06T00:00:00.000Z,0,0.3649948130433376
2023-05-09T00:00:00.000Z,0,0.49324619884674364
2023-06-08T00:00:00.000Z,0,0.5127270857875164
2023-06-10T00:00:00.000Z,0,0.4879742476802606
2023-08-04T00:00:00.000Z,0,
2023-10-28T00:00:00.000Z,0,
2023-10-26T00:00:00.000Z,0,
2023-12-17T00:00:00.000Z,0,
2023-12-20T00:00:00.000Z,0,
2024-02-05T00:00:00.000Z,0,
2024-02-03T00:00:00.000Z,0,
2024-04-13T00:00:00.000Z,0,
2024-05-18T00:00:00.000Z,0,0.8255003518783129
2024-05-20T00:00:00.000Z,0,0.8308812586160806
2017-08-28T00:00:00.000Z,0,0.8600639884288495
2018-02-11T00:00:00.000Z,0,
2018-04-20T00:00:00.000Z,0,0.4386247591330455
2018-04-22T00:00:00.000Z,0,
2018-06-26T00:00:00.000Z,0,0.8235777123616292
2018-06-29T00:00:00.000Z,0,0.8483194628587136
2018-09-24T00:00:00.000Z,0,0.7939464194434029
2018-09-22T00:00:00.000Z,0,
2019-01-15T00:00:00.000Z,0,
2019-01-12T00:00:00.000Z,0,
2019-05-20T00:00:00.000Z,0,
2019-07-19T00:00:00.000Z,0,
2019-07-21T00:00:00.000Z,0,
2019-12-03T00:00:00.000Z,0,
2020-02-01T00:00:00.000Z,0,
2020-04-01T00:00:00.000Z,0,
2020-06-10T00:00:00.000Z,0,
2020-06-08T00:00:00.000Z,0,
2020-09-23T00:00:00.000Z,0,0.79468096104952
2020-09-26T00:00:00.000Z,0,
2021-02-20T00:00:00.000Z,0,
2021-02-18T00:00:00.000Z,0,
2021-05-06T00:00:00.000Z,0,
2021-06-28T00:00:00.000Z,0,
2021-08-02T00:00:00.000Z,0,0.8695929359931213
2021-08-04T00:00:00.000Z,0,
2021-10-13T00:00:00.000Z,0,0.7209343852905127
2022-01-06T00:00:00.000Z,0,0.6018903242505115
2022-01-04T00:00:00.000Z,0,
2022-03-22T00:00:00.000Z,0,
2022-06-20T00:00:00.000Z,0,
2022-06-18T00:00:00.000Z,0,0.5865145795620405
2022-07-13T00:00:00.000Z,0,
2022-07-20T00:00:00.000Z,0,0.8047788498493341
2022-08-02T00:00:00.000Z,0,
2022-08-29T00:00:00.000Z,0,
2022-10-06T00:00:00.000Z,0,
2022-10-03T00:00:00.000Z,0,0.782209078852947
2022-11-25T00:00:00.000Z,0,
2022-11-27T00:00:00.000Z,0,0.5267455044847268
2023-02-08T00:00:00.000Z,0,0.40673177116192305
2023-02-10T00:00:00.000Z,0,
2023-04-19T00:00:00.000Z,0,0.40325036816872084
2023-06-20T00:00:00.000Z,0,
2023-06-23T00:00:00.000Z,0,
2023-09-18T00:00:00.000Z,0,
2023-09-16T00:00:00.000Z,0,0.721195943080462
2023-12-15T00:00:00.000Z,0,
2024-02-20T00:00:00.000Z,0,
2024-04-30T00:00:00.000Z,0,0.6459894696107278
2024-04-28T00:00:00.000Z,0,
2015-08-29T00:00:00.000Z,0,
2015-12-04T00:00:00.000Z,0,
2016-01-03T00:00:00.000Z,0,
2016-01-26T00:00:00.000Z,0,
2016-02-05T00:00:00.000Z,0,
2016-04-15T00:00:00.000Z,0,
2016-05-12T00:00:00.000Z,0,0.6967921520654972
2016-06-24T00:00:00.000Z,0,
2016-07-24T00:00:00.000Z,0,
2016-09-09T00:00:00.000Z,0,
2016-10-09T00:00:00.000Z,0,
2016-11-08T00:00:00.000Z,0,
2016-12-08T00:00:00.000Z,0,
2017-01-30T00:00:00.000Z,0,
2017-03-01T00:00:00.000Z,0,
2017-03-23T00:00:00.000Z,0,
2017-03-26T00:00:00.000Z,0,
2017-05-25T00:00:00.000Z,0,0.7983683382089322
2017-05-22T00:00:00.000Z,0,0.7380930678202555
2017-06-29T00:00:00.000Z,0,
2017-07-19T00:00:00.000Z,0,0.8707212794285554
2017-08-13T00:00:00.000Z,0,
2017-08-10T00:00:00.000Z,0,
2017-09-19T00:00:00.000Z,0,
2017-09-22T00:00:00.000Z,0,
2017-10-24T00:00:00.000Z,0,
2017-10-22T00:00:00.000Z,0,
2017-12-03T00:00:00.000Z,0,
2017-12-01T00:00:00.000Z,0,
2017-12-26T00:00:00.000Z,0,
2018-02-01T00:00:00.000Z,0,
2018-01-30T00:00:00.000Z,0,
2018-03-11T00:00:00.000Z,0,
2018-03-13T00:00:00.000Z,0,
2018-05-02T00:00:00.000Z,0,0.5756546121377212
2018-06-04T00:00:00.000Z,0,
2018-07-06T00:00:00.000Z,0,0.8565706931627713
2018-07-04T00:00:00.000Z,0,0.8567760368952384
2018-08-30T00:00:00.000Z,0,
2018-10-12T00:00:00.000Z,0,0.5145383133338048
2018-10-14T00:00:00.000Z,0,0.5165566670206877
2018-12-01T00:00:00.000Z,0,
2018-12-23T00:00:00.000Z,0,
2018-12-26T00:00:00.000Z,0,
2019-02-06T00:00:00.000Z,0,
2019-03-13T00:00:00.000Z,0,
2019-03-16T00:00:00.000Z,0,
2019-04-27T00:00:00.000Z,0,
2019-06-06T00:00:00.000Z,0,0.5917228620785934
2019-07-11T00:00:00.000Z,0,
2019-07-14T00:00:00.000Z,0,
2019-08-28T00:00:00.000Z,0,0.8390932220679063
2019-08-30T00:00:00.000Z,0,
2019-10-24T00:00:00.000Z,0,
2019-11-16T00:00:00.000Z,0,
2019-11-18T00:00:00.000Z,0,
2020-01-17T00:00:00.000Z,0,0.4641372515605046
2020-01-15T00:00:00.000Z,0,0.3629761298115437
2020-03-10T00:00:00.000Z,0,
2020-03-07T00:00:00.000Z,0,
2020-05-01T00:00:00.000Z,0,
2020-04-29T00:00:00.000Z,0,
2020-07-15T00:00:00.000Z,0,
2020-07-13T00:00:00.000Z,0,0.9148709968878672
2020-09-18T00:00:00.000Z,0,0.8306017712904856
2020-09-16T00:00:00.000Z,0,0.8391055350120251
2021-09-28T00:00:00.000Z,0,
2021-09-26T00:00:00.000Z,0,0.6391948518844751
2021-12-12T00:00:00.000Z,0,
2022-02-03T00:00:00.000Z,0,
2022-03-05T00:00:00.000Z,0,
2022-03-07T00:00:00.000Z,0,0.4886383070395543
2022-05-06T00:00:00.000Z,0,
2022-05-04T00:00:00.000Z,0,
2022-08-04T00:00:00.000Z,0,0.8383009261809863
2022-08-07T00:00:00.000Z,0,
2022-08-22T00:00:00.000Z,0,
2022-09-11T00:00:00.000Z,0,0.8680722209123465
2022-10-01T00:00:00.000Z,0,
2022-11-05T00:00:00.000Z,0,0.6401980301508536
2022-12-20T00:00:00.000Z,0,
2023-02-13T00:00:00.000Z,0,
2023-02-15T00:00:00.000Z,0,
2023-04-16T00:00:00.000Z,0,
2023-04-14T00:00:00.000Z,0,
2023-06-25T00:00:00.000Z,0,0.5691278755664826
2023-08-12T00:00:00.000Z,0,
2023-08-14T00:00:00.000Z,0,
2023-10-16T00:00:00.000Z,0,0.8199481826562148
2023-11-10T00:00:00.000Z,0,
2023-11-07T00:00:00.000Z,0,
2024-01-16T00:00:00.000Z,0,
2024-01-14T00:00:00.000Z,0,
2024-03-04T00:00:00.000Z,0,0.45405946786587054
2024-04-10T00:00:00.000Z,0,0.5588734493805811
2024-04-08T00:00:00.000Z,0,0.5414632879770719
2015-08-19T00:00:00.000Z,0,0.6240514069795609
2015-09-18T00:00:00.000Z,0,0.7147103071212768
2015-11-17T00:00:00.000Z,0,
2015-12-17T00:00:00.000Z,0,
2016-01-23T00:00:00.000Z,0,
2016-02-12T00:00:00.000Z,0,
2016-04-05T00:00:00.000Z,0,
2016-05-02T00:00:00.000Z,0,0.6113676027609751
2016-05-22T00:00:00.000Z,0,
2016-07-11T00:00:00.000Z,0,
2016-08-10T00:00:00.000Z,0,0.8885419838703595
2016-09-12T00:00:00.000Z,0,0.7158335275374926
2016-11-01T00:00:00.000Z,0,
2016-11-28T00:00:00.000Z,0,0.6252256310903109
2016-12-28T00:00:00.000Z,0,
2017-02-09T00:00:00.000Z,0,
2017-03-21T00:00:00.000Z,0,
2017-03-20T00:00:00.000Z,0,
2017-04-30T00:00:00.000Z,0,0.603693560912059
2017-05-27T00:00:00.000Z,0,0.7928884808833783
2017-06-01T00:00:00.000Z,0,0.6241679718861213
2017-05-30T00:00:00.000Z,0,
2017-07-24T00:00:00.000Z,0,
2017-07-21T00:00:00.000Z,0,0.8443797070246476
2017-09-07T00:00:00.000Z,0,
2017-09-09T00:00:00.000Z,0,
2017-10-12T00:00:00.000Z,0,0.7127023637294769
2017-10-09T00:00:00.000Z,0,
2017-12-06T00:00:00.000Z,0,
2018-01-02T00:00:00.000Z,0,
2018-02-06T00:00:00.000Z,0,
2018-02-09T00:00:00.000Z,0,0.4404900360565919
2018-03-18T00:00:00.000Z,0,
2018-03-21T00:00:00.000Z,0,0.31619618277923733
2018-05-15T00:00:00.000Z,0,
2018-06-09T00:00:00.000Z,0,0.6523379328159186
2018-06-06T00:00:00.000Z,0,0.6167973497739205
2018-07-21T00:00:00.000Z,0,
2018-08-13T00:00:00.000Z,0,0.9111485572961661
2018-08-15T00:00:00.000Z,0,
2018-10-09T00:00:00.000Z,0,
2018-11-18T00:00:00.000Z,0,
2018-12-31T00:00:00.000Z,0,
2019-01-02T00:00:00.000Z,0,
2019-02-09T00:00:00.000Z,0,0.4288311263789301
2019-02-11T00:00:00.000Z,0,
2019-04-05T00:00:00.000Z,0,
2019-04-02T00:00:00.000Z,0,0.5395225630356715
2019-06-01T00:00:00.000Z,0,
2019-06-04T00:00:00.000Z,0,0.6253541123408538
2019-07-24T00:00:00.000Z,0,0.8785256640269206
2019-07-26T00:00:00.000Z,0,0.8788301474772967
2019-09-14T00:00:00.000Z,0,
2019-10-04T00:00:00.000Z,0,
2019-11-26T00:00:00.000Z,0,
2020-01-07T00:00:00.000Z,0,
2020-01-10T00:00:00.000Z,0,
2020-02-21T00:00:00.000Z,0,
2020-04-16T00:00:00.000Z,0,
2020-04-19T00:00:00.000Z,0,
2020-06-05T00:00:00.000Z,0,
2020-06-03T00:00:00.000Z,0,
2020-07-23T00:00:00.000Z,0,0.8087335734263711
2020-09-21T00:00:00.000Z,0,0.834240544300813
2021-06-03T00:00:00.000Z,0,0.7345537187961432
2021-06-05T00:00:00.000Z,0,0.7275494199532729
2021-08-07T00:00:00.000Z,0,
2021-10-01T00:00:00.000Z,0,
2021-10-03T00:00:00.000Z,0,
2021-12-05T00:00:00.000Z,0,
2022-01-24T00:00:00.000Z,0,
2022-01-26T00:00:00.000Z,0,
2022-03-27T00:00:00.000Z,0,0.40420882461162716
2022-03-25T00:00:00.000Z,0,0.3759484789692439
2022-06-15T00:00:00.000Z,0,0.5244465596400775
2022-06-13T00:00:00.000Z,0,
2022-09-26T00:00:00.000Z,0,
2022-09-28T00:00:00.000Z,0,
2022-11-10T00:00:00.000Z,0,
2022-12-05T00:00:00.000Z,0,
2022-12-02T00:00:00.000Z,0,
2023-02-05T00:00:00.000Z,0,
2023-03-20T00:00:00.000Z,0,
2023-03-22T00:00:00.000Z,0,
2023-05-16T00:00:00.000Z,0,
2023-07-08T00:00:00.000Z,0,0.8289408729626582
2023-08-19T00:00:00.000Z,0,0.8551990815571376
2023-08-22T00:00:00.000Z,0,
2023-12-25T00:00:00.000Z,0,0.4871150268749757
2023-12-27T00:00:00.000Z,0,
2024-03-26T00:00:00.000Z,0,
2024-03-29T00:00:00.000Z,0,
2018-08-23T00:00:00.000Z,0,
2019-05-07T00:00:00.000Z,0,
2019-05-05T00:00:00.000Z,0,0.720282182097435
2019-09-07T00:00:00.000Z,0,
2019-12-16T00:00:00.000Z,0,
2020-03-20T00:00:00.000Z,0,
2020-03-22T00:00:00.000Z,0,
2020-06-23T00:00:00.000Z,0,0.6987614494103652
2020-06-25T00:00:00.000Z,0,0.6926945115511234
2020-10-08T00:00:00.000Z,0,
2020-10-06T00:00:00.000Z,0,
2021-01-26T00:00:00.000Z,0,
2021-03-12T00:00:00.000Z,0,
2021-03-10T00:00:00.000Z,0,
2021-05-09T00:00:00.000Z,0,0.40714378081835234
2021-05-11T00:00:00.000Z,0,
2021-07-15T00:00:00.000Z,0,0.8848892828592887
2021-07-13T00:00:00.000Z,0,
2021-09-16T00:00:00.000Z,0,
2021-11-05T00:00:00.000Z,0,
2021-11-07T00:00:00.000Z,0,
2022-01-09T00:00:00.000Z,0,
2022-01-11T00:00:00.000Z,0,
2022-03-17T00:00:00.000Z,0,
2022-03-20T00:00:00.000Z,0,0.43195979583721894
2022-06-30T00:00:00.000Z,0,
2022-07-03T00:00:00.000Z,0,0.7848663673951075
2022-07-05T00:00:00.000Z,0,0.7836174804989885
2022-07-08T00:00:00.000Z,0,
2022-07-10T00:00:00.000Z,0,
2022-07-15T00:00:00.000Z,0,
2022-07-18T00:00:00.000Z,0,
2022-07-23T00:00:00.000Z,0,
2022-07-25T00:00:00.000Z,0,
2022-08-09T00:00:00.000Z,0,
2022-08-27T00:00:00.000Z,0,
2022-08-24T00:00:00.000Z,0,0.8305084705352783
2022-10-21T00:00:00.000Z,0,
2022-11-30T00:00:00.000Z,0,
2023-01-16T00:00:00.000Z,0,0.427020869576014
2023-02-23T00:00:00.000Z,0,
2023-02-20T00:00:00.000Z,0,
2023-04-29T00:00:00.000Z,0,0.42971959251623887
2023-05-01T00:00:00.000Z,0,0.43424082061518793
2023-07-03T00:00:00.000Z,0,
2023-07-05T00:00:00.000Z,0,
2023-09-06T00:00:00.000Z,0,0.6184066591354517
2023-11-02T00:00:00.000Z,0,
2023-10-31T00:00:00.000Z,0,
2024-01-24T00:00:00.000Z,0,
2024-04-05T00:00:00.000Z,0,
2024-04-03T00:00:00.000Z,0,
2017-11-26T00:00:00.000Z,0,
2017-11-28T00:00:00.000Z,0,
2019-01-17T00:00:00.000Z,0,
2019-05-10T00:00:00.000Z,0,
2019-09-27T00:00:00.000Z,0,
2020-08-19T00:00:00.000Z,0,
2020-12-25T00:00:00.000Z,0,
2020-12-27T00:00:00.000Z,0,
2021-04-09T00:00:00.000Z,0,
2021-06-23T00:00:00.000Z,0,
2021-06-25T00:00:00.000Z,0,
2021-11-02T00:00:00.000Z,0,
2022-01-14T00:00:00.000Z,0,
2022-05-01T00:00:00.000Z,0,
2022-09-13T00:00:00.000Z,0,
2022-09-16T00:00:00.000Z,0,
2023-01-19T00:00:00.000Z,0,
2023-01-21T00:00:00.000Z,0,
2023-06-05T00:00:00.000Z,0,0.4851464176407227
2023-08-27T00:00:00.000Z,0,
2023-08-29T00:00:00.000Z,0,
2024-01-04T00:00:00.000Z,0,
2024-03-31T00:00:00.000Z,0,
2016-03-13T00:00:00.000Z,0,
2016-09-02T00:00:00.000Z,0,0.6204983041836665
2016-10-29T00:00:00.000Z,0,0.6799789326531547
2017-01-27T00:00:00.000Z,0,0.45906843646214557
2017-03-28T00:00:00.000Z,0,0.41662346055874455
2017-05-20T00:00:00.000Z,0,
2017-07-04T00:00:00.000Z,0,
2017-07-01T00:00:00.000Z,0,
2017-08-25T00:00:00.000Z,0,0.7837189097296108
2017-08-23T00:00:00.000Z,0,0.8273245417154752
2017-10-29T00:00:00.000Z,0,
2017-11-01T00:00:00.000Z,0,
2018-01-20T00:00:00.000Z,0,
2018-01-17T00:00:00.000Z,0,
2018-05-10T00:00:00.000Z,0,
2018-05-12T00:00:00.000Z,0,
2018-10-02T00:00:00.000Z,0,
2018-12-28T00:00:00.000Z,0,
2019-03-31T00:00:00.000Z,0,0.5622546495153353
2019-07-06T00:00:00.000Z,0,
2019-07-04T00:00:00.000Z,0,
2019-09-19T00:00:00.000Z,0,
2019-09-17T00:00:00.000Z,0,
2019-11-28T00:00:00.000Z,0,
2019-12-01T00:00:00.000Z,0,
2020-03-30T00:00:00.000Z,0,
2020-03-27T00:00:00.000Z,0,0.4070865844304745
2020-10-01T00:00:00.000Z,0,
2020-10-03T00:00:00.000Z,0,
2020-10-11T00:00:00.000Z,0,
2020-10-13T00:00:00.000Z,0,0.7335707923540702
2020-10-16T00:00:00.000Z,0,0.7455154565664438
2020-10-18T00:00:00.000Z,0,
2020-10-21T00:00:00.000Z,0,
2020-10-23T00:00:00.000Z,0,
2020-11-02T00:00:00.000Z,0,
2020-11-05T00:00:00.000Z,0,
2020-12-10T00:00:00.000Z,0,
2021-01-06T00:00:00.000Z,0,
2015-07-30T00:00:00.000Z,0,
2015-08-26T00:00:00.000Z,0,
2015-09-28T00:00:00.000Z,0,0.8382382450195459
2015-11-27T00:00:00.000Z,0,
2016-01-06T00:00:00.000Z,0,0.4155702871771959
2016-03-06T00:00:00.000Z,0,
2016-04-22T00:00:00.000Z,0,0.572309995499941
2016-05-05T00:00:00.000Z,0,
2016-06-11T00:00:00.000Z,0,0.5980138182640076
2016-07-14T00:00:00.000Z,0,
2016-08-23T00:00:00.000Z,0,
2016-10-02T00:00:00.000Z,0,
2016-11-11T00:00:00.000Z,0,
2016-12-18T00:00:00.000Z,0,
2017-02-06T00:00:00.000Z,0,
2017-03-08T00:00:00.000Z,0,
2017-04-17T00:00:00.000Z,0,
2017-05-05T00:00:00.000Z,0,
2017-05-02T00:00:00.000Z,0,
2017-06-06T00:00:00.000Z,0,
2017-06-04T00:00:00.000Z,0,
2017-07-16T00:00:00.000Z,0,
2017-07-14T00:00:00.000Z,0,
2017-08-15T00:00:00.000Z,0,
2017-09-17T00:00:00.000Z,0,
2017-10-07T00:00:00.000Z,0,
2017-11-16T00:00:00.000Z,0,
2017-12-18T00:00:00.000Z,0,0.46609471566401994
2017-12-16T00:00:00.000Z,0,
2018-02-26T00:00:00.000Z,0,
2018-03-01T00:00:00.000Z,0,
2018-04-17T00:00:00.000Z,0,
2018-04-15T00:00:00.000Z,0,
2018-05-20T00:00:00.000Z,0,0.7550707069727091
2018-05-17T00:00:00.000Z,0,
2018-07-09T00:00:00.000Z,0,
2018-07-11T00:00:00.000Z,0,
2018-08-28T00:00:00.000Z,0,0.7739319434532752
2018-08-25T00:00:00.000Z,0,
2018-10-22T00:00:00.000Z,0,
2018-11-23T00:00:00.000Z,0,
2018-11-21T00:00:00.000Z,0,0.5675344145765492
2019-01-22T00:00:00.000Z,0,
2019-01-20T00:00:00.000Z,0,
2019-03-08T00:00:00.000Z,0,0.4859447960670178
2019-03-06T00:00:00.000Z,0,
2019-04-22T00:00:00.000Z,0,0.5700794252065512
2019-04-25T00:00:00.000Z,0,0.614478214428975
2019-06-19T00:00:00.000Z,0,
2019-07-29T00:00:00.000Z,0,
2019-09-12T00:00:00.000Z,0,
2019-09-09T00:00:00.000Z,0,
2019-11-13T00:00:00.000Z,0,
2019-12-18T00:00:00.000Z,0,
2019-12-21T00:00:00.000Z,0,
2020-02-14T00:00:00.000Z,0,
2020-04-04T00:00:00.000Z,0,
2020-04-06T00:00:00.000Z,0,0.39924764174681443
2020-05-31T00:00:00.000Z,0,
2020-07-20T00:00:00.000Z,0,
2020-07-18T00:00:00.000Z,0,
2020-08-29T00:00:00.000Z,0,0.8760784635177026
2020-08-27T00:00:00.000Z,0,
2022-05-19T00:00:00.000Z,0,
2022-05-16T00:00:00.000Z,0,
2022-09-18T00:00:00.000Z,0,
2022-10-16T00:00:00.000Z,0,0.7560081951893293
2022-10-18T00:00:00.000Z,0,
2022-11-20T00:00:00.000Z,0,
2022-11-22T00:00:00.000Z,0,
2023-01-11T00:00:00.000Z,0,
2023-01-14T00:00:00.000Z,0,
2023-03-17T00:00:00.000Z,0,
2023-05-04T00:00:00.000Z,0,
2023-05-06T00:00:00.000Z,0,
2023-06-30T00:00:00.000Z,0,
2023-06-28T00:00:00.000Z,0,0.7511533258052973
2023-08-24T00:00:00.000Z,0,
2023-10-03T00:00:00.000Z,0,
2023-11-25T00:00:00.000Z,0,0.694576268012707
2024-01-01T00:00:00.000Z,0,
2023-12-30T00:00:00.000Z,0,0.5614926522853327
2024-02-23T00:00:00.000Z,0,0.4804335151399885
2024-02-25T00:00:00.000Z,0,
2024-05-08T00:00:00.000Z,0,
2024-05-05T00:00:00.000Z,0,
2015-08-09T00:00:00.000Z,0,0.8999327214864584
2015-11-24T00:00:00.000Z,0,
2016-01-16T00:00:00.000Z,0,
2016-03-03T00:00:00.000Z,0,
2016-04-12T00:00:00.000Z,0,
2016-06-04T00:00:00.000Z,0,0.5503089857789186
2016-08-20T00:00:00.000Z,0,0.8575317787401604
2016-10-19T00:00:00.000Z,0,
2016-12-11T00:00:00.000Z,0,
2017-02-16T00:00:00.000Z,0,
2017-04-10T00:00:00.000Z,0,
2017-05-15T00:00:00.000Z,0,
2017-05-17T00:00:00.000Z,0,
2017-07-06T00:00:00.000Z,0,
2017-08-05T00:00:00.000Z,0,
2017-08-03T00:00:00.000Z,0,
2017-09-24T00:00:00.000Z,0,
2017-11-11T00:00:00.000Z,0,
2017-11-13T00:00:00.000Z,0,
2017-12-31T00:00:00.000Z,0,
2017-12-28T00:00:00.000Z,0,
2018-03-16T00:00:00.000Z,0,
2018-04-25T00:00:00.000Z,0,
2018-06-14T00:00:00.000Z,0,
2018-06-16T00:00:00.000Z,0,
2018-09-07T00:00:00.000Z,0,
2018-09-09T00:00:00.000Z,0,
2018-11-26T00:00:00.000Z,0,0.5737053568546588
2018-11-28T00:00:00.000Z,0,0.5973828732967377
2019-02-01T00:00:00.000Z,0,
2019-02-04T00:00:00.000Z,0,0.5521120119553345
2019-04-20T00:00:00.000Z,0,0.5835621666449767
2016-09-19T00:00:00.000Z,0,
2017-04-05T00:00:00.000Z,0,
2017-04-07T00:00:00.000Z,0,
2017-06-16T00:00:00.000Z,0,
2017-07-26T00:00:00.000Z,0,
2017-09-29T00:00:00.000Z,0,
2017-09-27T00:00:00.000Z,0,
2017-11-21T00:00:00.000Z,0,
2017-11-18T00:00:00.000Z,0,
2018-01-07T00:00:00.000Z,0,0.5857983712966626
2018-01-05T00:00:00.000Z,0,
2018-02-14T00:00:00.000Z,0,0.48329895448226196
2018-02-16T00:00:00.000Z,0,0.4239557024378043
2018-04-02T00:00:00.000Z,0,
2018-03-31T00:00:00.000Z,0,
2018-05-25T00:00:00.000Z,0,0.7862030256253022
2018-07-26T00:00:00.000Z,0,0.8514003134690799
2018-07-24T00:00:00.000Z,0,0.8818993763281748
2018-09-27T00:00:00.000Z,0,
2018-09-29T00:00:00.000Z,0,0.6617834304387753
2018-11-16T00:00:00.000Z,0,0.5928805825801996
2018-12-08T00:00:00.000Z,0,
2019-01-25T00:00:00.000Z,0,
2019-01-27T00:00:00.000Z,0,
2019-03-26T00:00:00.000Z,0,
2019-03-28T00:00:00.000Z,0,
2019-05-17T00:00:00.000Z,0,
2019-07-16T00:00:00.000Z,0,
2019-08-15T00:00:00.000Z,0,
2019-08-13T00:00:00.000Z,0,
2019-09-29T00:00:00.000Z,0,
2019-10-02T00:00:00.000Z,0,0.7979572415351868
2019-12-13T00:00:00.000Z,0,0.46184972730966717
2019-12-11T00:00:00.000Z,0,
2020-02-29T00:00:00.000Z,0,
2020-03-02T00:00:00.000Z,0,
2020-06-20T00:00:00.000Z,0,
2020-07-28T00:00:00.000Z,0,
2020-07-25T00:00:00.000Z,0,
2021-03-15T00:00:00.000Z,0,
2021-03-17T00:00:00.000Z,0,
2021-04-29T00:00:00.000Z,0,
2021-05-26T00:00:00.000Z,0,
2021-07-05T00:00:00.000Z,0,
2021-08-24T00:00:00.000Z,0,
2021-08-22T00:00:00.000Z,0,
2021-10-26T00:00:00.000Z,0,
2021-12-17T00:00:00.000Z,0,
2021-12-15T00:00:00.000Z,0,
2022-02-10T00:00:00.000Z,0,
2022-03-15T00:00:00.000Z,0,
2022-04-24T00:00:00.000Z,0,
2022-06-28T00:00:00.000Z,0,0.7114756027093301
2022-06-25T00:00:00.000Z,0,
2022-10-08T00:00:00.000Z,0,
2022-12-07T00:00:00.000Z,0,
2023-02-03T00:00:00.000Z,0,
2023-01-31T00:00:00.000Z,0,
2023-04-11T00:00:00.000Z,0,
2023-04-09T00:00:00.000Z,0,
2023-05-29T00:00:00.000Z,0,
2023-07-10T00:00:00.000Z,0,
2023-07-13T00:00:00.000Z,0,
2023-09-28T00:00:00.000Z,0,
2023-10-01T00:00:00.000Z,0,
2023-12-05T00:00:00.000Z,0,
2023-12-07T00:00:00.000Z,0,
2024-01-29T00:00:00.000Z,0,0.49741170679529506
2024-01-26T00:00:00.000Z,0,
2024-04-15T00:00:00.000Z,0,
2024-04-18T00:00:00.000Z,0,0.6761337232131225
2016-03-26T00:00:00.000Z,0,0.4567632142167825
2016-08-03T00:00:00.000Z,0,
2016-09-29T00:00:00.000Z,0,
2016-11-21T00:00:00.000Z,0,
2017-01-07T00:00:00.000Z,0,
2017-03-11T00:00:00.000Z,0,
2017-04-27T00:00:00.000Z,0,
2017-04-25T00:00:00.000Z,0,
2017-06-11T00:00:00.000Z,0,0.6088017660837907
2017-06-14T00:00:00.000Z,0,
2017-08-08T00:00:00.000Z,0,
2017-09-12T00:00:00.000Z,0,
2017-09-14T00:00:00.000Z,0,
2017-11-03T00:00:00.000Z,0,
2017-12-11T00:00:00.000Z,0,
2017-12-08T00:00:00.000Z,0,
2018-02-24T00:00:00.000Z,0,0.42603891629439133
2018-04-12T00:00:00.000Z,0,
2018-05-22T00:00:00.000Z,0,
2018-07-14T00:00:00.000Z,0,
2018-08-20T00:00:00.000Z,0,
2018-08-18T00:00:00.000Z,0,
2018-11-06T00:00:00.000Z,0,0.581574375812824
2018-11-08T00:00:00.000Z,0,
2019-01-05T00:00:00.000Z,0,
2019-01-07T00:00:00.000Z,0,
2019-03-18T00:00:00.000Z,0,
2019-05-15T00:00:00.000Z,0,0.7645357904525903
2019-05-12T00:00:00.000Z,0,0.7316776170180395
2019-08-18T00:00:00.000Z,0,
2019-10-17T00:00:00.000Z,0,
2019-12-23T00:00:00.000Z,0,
2020-04-11T00:00:00.000Z,0,
2020-04-09T00:00:00.000Z,0,0.3499248715547415
2020-09-06T00:00:00.000Z,0,
2020-09-03T00:00:00.000Z,0,0.8468433377834467
2020-12-20T00:00:00.000Z,0,
2020-12-22T00:00:00.000Z,0,
2021-02-03T00:00:00.000Z,0,
2021-02-05T00:00:00.000Z,0,
2021-03-20T00:00:00.000Z,0,
2021-05-21T00:00:00.000Z,0,
2021-05-24T00:00:00.000Z,0,0.6195886719685334
2021-07-30T00:00:00.000Z,0,0.7503852248191833
2021-07-28T00:00:00.000Z,0,
2021-10-11T00:00:00.000Z,0,0.6772372879480061
2021-10-08T00:00:00.000Z,0,0.6663579046726227
2022-01-01T00:00:00.000Z,0,
2022-02-13T00:00:00.000Z,0,
2022-02-15T00:00:00.000Z,0,
2022-05-09T00:00:00.000Z,0,0.5944268577373945
2022-05-11T00:00:00.000Z,0,
2017-06-21T00:00:00.000Z,0,
2017-06-19T00:00:00.000Z,0,
2018-01-25T00:00:00.000Z,0,
2018-01-27T00:00:00.000Z,0,
2018-04-10T00:00:00.000Z,0,0.35643172149474805
2018-04-07T00:00:00.000Z,0,
2018-06-24T00:00:00.000Z,0,
2018-08-08T00:00:00.000Z,0,
2018-08-05T00:00:00.000Z,0,0.7240835328896841
2018-10-29T00:00:00.000Z,0,
2018-12-13T00:00:00.000Z,0,
2018-12-11T00:00:00.000Z,0,
2019-02-19T00:00:00.000Z,0,
2019-04-30T00:00:00.000Z,0,0.6682809981016012
2019-05-02T00:00:00.000Z,0,
2019-08-08T00:00:00.000Z,0,
2019-08-10T00:00:00.000Z,0,
2019-12-26T00:00:00.000Z,0,
2019-12-28T00:00:00.000Z,0,
2020-03-25T00:00:00.000Z,0,0.43956126960424274
2020-05-19T00:00:00.000Z,0,
2020-05-21T00:00:00.000Z,0,0.567304443854552
2020-08-12T00:00:00.000Z,0,0.8773887409613683
2020-12-30T00:00:00.000Z,0,0.38767872464198333
2021-02-08T00:00:00.000Z,0,
2021-03-30T00:00:00.000Z,0,
2021-04-01T00:00:00.000Z,0,
2021-05-31T00:00:00.000Z,0,0.6778866041165131
2021-05-29T00:00:00.000Z,0,
2021-09-08T00:00:00.000Z,0,0.6296521516946646
2021-09-06T00:00:00.000Z,0,
2021-12-22T00:00:00.000Z,0,
2021-12-20T00:00:00.000Z,0,0.6115194788345923
2022-04-06T00:00:00.000Z,0,
2022-04-09T00:00:00.000Z,0,0.455466913489195
2022-12-27T00:00:00.000Z,0,
2023-03-05T00:00:00.000Z,0,
2023-03-07T00:00:00.000Z,0,
2023-06-15T00:00:00.000Z,0,0.508249645622877
2023-06-13T00:00:00.000Z,0,0.5214507980988576
2023-10-13T00:00:00.000Z,0,
2023-10-11T00:00:00.000Z,0,
2021-02-15T00:00:00.000Z,0,
2021-04-16T00:00:00.000Z,0,
2021-06-18T00:00:00.000Z,0,0.5018051776748437
2021-06-20T00:00:00.000Z,0,
2021-10-16T00:00:00.000Z,0,
2021-10-18T00:00:00.000Z,0,
2022-02-28T00:00:00.000Z,0,0.5224320756701323
2022-02-25T00:00:00.000Z,0,
2022-06-03T00:00:00.000Z,0,0.8497556184346859
2023-11-05T00:00:00.000Z,0,
2024-03-11T00:00:00.000Z,0,
2019-06-29T00:00:00.000Z,0,0.8419273186188477
2019-07-01T00:00:00.000Z,0,0.8424977453855368
2019-10-09T00:00:00.000Z,0,
2019-10-07T00:00:00.000Z,0,
2020-01-22T00:00:00.000Z,0,
2020-01-20T00:00:00.000Z,0,
2020-04-21T00:00:00.000Z,0,0.4002581158509621
2020-07-10T00:00:00.000Z,0,
2020-09-28T00:00:00.000Z,0,0.7918469722454364
2021-08-29T00:00:00.000Z,0,
2021-09-01T00:00:00.000Z,0,0.8785580958311374
2021-11-27T00:00:00.000Z,0,
2021-11-25T00:00:00.000Z,0,
2022-02-20T00:00:00.000Z,0,
2022-02-18T00:00:00.000Z,0,
2023-04-04T00:00:00.000Z,0,
2023-04-01T00:00:00.000Z,0,
2023-09-08T00:00:00.000Z,0,0.6399355782912328
2023-09-11T00:00:00.000Z,0,0.6388210998131678
2023-12-22T00:00:00.000Z,0,
2024-02-13T00:00:00.000Z,0,0.48643547755021316
2024-04-23T00:00:00.000Z,0,0.6155764002066392
2024-04-25T00:00:00.000Z,0,
2022-12-15T00:00:00.000Z,0,
2022-12-17T00:00:00.000Z,0,
2023-03-30T00:00:00.000Z,0,
2023-05-26T00:00:00.000Z,0,
2023-05-24T00:00:00.000Z,0,0.6347792721711673
2023-08-17T00:00:00.000Z,0,
2023-09-26T00:00:00.000Z,0,
2023-11-12T00:00:00.000Z,0,
2024-01-11T00:00:00.000Z,0,
2024-03-24T00:00:00.000Z,0,
2024-05-23T00:00:00.000Z,0,
2023-12-10T00:00:00.000Z,0,
2023-12-12T00:00:00.000Z,0,
2024-03-19T00:00:00.000Z,0,
2024-03-21T00:00:00.000Z,0,
